FAC_MA_NM,Relationship_NM,GROUP_NM,CUSTOMER_KEY,ACCOUNT_NUMBER,CUSTOMER_NM,SERVICE_ADDRESS_1,SERVICE_CITY_NM,SERVICE_STATE_CD,SERVICE_ZIP_CD,DISPOSAL_CD,Disposal_NM,WASTE_STREAM_NM,WASTE_TYPE,TICKET_NO,SERVICE_CD,LOAD_TYPE,DISPATCH_DM,MONTH,YEAR,TONNAGE,Min_Ton,MONTH_STRING,CUSTOMER_NM_Modified
WM of New England,WORCESTER POLYTECH 07 MORGAN HALL - 0018000001WxuWCAAZ,EAST DIVISION,188077933007,447-854847,WORCESTER POLYTECH 07 MORGAN H,INSTITUTE RD,WORCESTER,MA,01609-2247,WMI,ECP MILLBURY MSW,MSW,MSW,383382,20C,E/R,44770.47917,7,2022,0.68,,July, 07 MORGAN H
WM of New England,WORCESTER POLYTECH 10 CAMPUS CENTER SSRY - 0018000001VZNh3AAH,EAST DIVISION,181098653008,447-853772,WORCESTER POLYTECH 10 CAMPUS C,INSTITUTE RD,WORCESTER,MA,01609-2247,BSS,BFI SS/PROCESSED COMM/INDUSTRI,COMMINGLED & NEWSPAPER,RECYCLING,376742,Y35,E/R,44756.32361,7,2022,0.37,,July, 10 CAMPUS C
WM of New England,WORCESTER POLYTECH 06 SALISBURY - 0018000001VZNhBAAX,EAST DIVISION,80805122000,447-56418,WORCESTER POLYTECH 06 SALISBUR,INSTITUTE RD SALISBURY,WORCESTER,MA,01609-2280,WMI,ECP MILLBURY MSW,MSW,MSW,383383,30C,E/R,44770.35347,7,2022,1.16,,July, 06 SALISBUR
WM of New England,WORCESTER POLYTECH 02 DANIELS - 0018000001VZNh8AAH,EAST DIVISION,80805092006,447-56302,WORCESTER POLYTECH 02 DANIELS,INSTITUTE RD,WORCESTER,MA,01609-2247,,UNDEFINED,MSW,MSW,374307,DLF,DEL,44756.57917,7,2022,0.0,,July, 02 DANIELS
WM of New England,WORCESTER POLYTECH 06 SALISBURY - 0018000001VZNhBAAX,EAST DIVISION,80805122000,447-56418,WORCESTER POLYTECH 06 SALISBUR,INSTITUTE RD SALISBURY,WORCESTER,MA,01609-2280,WMI,ECP MILLBURY MSW,MSW,MSW,379994,30C,E/R,44763.33194,7,2022,2.36,,July, 06 SALISBUR
WM of New England,WORCESTER POLYTECH 07 MORGAN HALL - 0018000001WxuWCAAZ,EAST DIVISION,188077933007,447-854847,WORCESTER POLYTECH 07 MORGAN H,INSTITUTE RD,WORCESTER,MA,01609-2247,WMI,ECP MILLBURY MSW,MSW,MSW,373204,20C,E/R,44750.46181,7,2022,0.49,,July, 07 MORGAN H
WM of New England,WORCESTER POLYTECH 02 DANIELS - 0018000001VZNh8AAH,EAST DIVISION,80805092006,447-56302,WORCESTER POLYTECH 02 DANIELS,INSTITUTE RD,WORCESTER,MA,01609-2247,,UNDEFINED,MSW,MSW,374304,,ZRP,44756.41667,7,2022,0.0,,July, 02 DANIELS
WM of New England,WORCESTER POLYTECH 10 CAMPUS CENTER - 0018000001VZNgzAAH,EAST DIVISION,81236882007,447-792129,WORCESTER POLYTECH 10 CAMPUS C,INSTITUTE RD,WORCESTER,MA,01609-2280,WMI,ECP MILLBURY MSW,MSW,MSW,379991,30C,E/R,44763.21042,7,2022,1.58,,July, 10 CAMPUS C
WM of New England,WORCESTER POLYTECH 06 SALISBURY - 0018000001VZNhBAAX,EAST DIVISION,80805122000,447-56418,WORCESTER POLYTECH 06 SALISBUR,INSTITUTE RD SALISBURY,WORCESTER,MA,01609-2280,WMI,ECP MILLBURY MSW,MSW,MSW,373205,30C,E/R,44750.33264,7,2022,1.41,,July, 06 SALISBUR
WM of New England,WORCESTER POLYTECH 10 CAMPUS CENTER SSRY - 0018000001VZNh3AAH,EAST DIVISION,181098653008,447-853772,WORCESTER POLYTECH 10 CAMPUS C,INSTITUTE RD,WORCESTER,MA,01609-2247,LSS,LEOMINSTER SINGLE STREAM,COMMINGLED & NEWSPAPER,RECYCLING,379992,Y35,E/R,44763.26875,7,2022,0.8,,July, 10 CAMPUS C
WM of New England,WORCESTER POLYTECH 10 CAMPUS CENTER - 0018000001VZNgzAAH,EAST DIVISION,81236882007,447-792129,WORCESTER POLYTECH 10 CAMPUS C,INSTITUTE RD,WORCESTER,MA,01609-2280,WMI,ECP MILLBURY MSW,MSW,MSW,383380,30C,E/R,44770.19514,7,2022,1.17,,July, 10 CAMPUS C
WM of New England,WORCESTER POLYTECH 10 CAMPUS CENTER SSRY - 0018000001VZNh3AAH,EAST DIVISION,181098653008,447-853772,WORCESTER POLYTECH 10 CAMPUS C,INSTITUTE RD,WORCESTER,MA,01609-2247,LSS,LEOMINSTER SINGLE STREAM,COMMINGLED & NEWSPAPER,RECYCLING,383381,Y35,E/R,44770.28458,7,2022,0.49,,July, 10 CAMPUS C
WM of New England,WORCESTER POLYTECH 04 FOUNDERS - 0018000001VZNgtAAH,EAST DIVISION,80805112002,447-56337,WORCESTER POLYTECH 04 FOUNDERS,BOYNTON ST,WORCESTER,MA,01609-3114,WMI,ECP MILLBURY MSW,MSW,MSW,373173,20C,E/R,44750.38889,7,2022,0.23,,July, 04 FOUNDERS
WM of New England,WORCESTER POLYTECH 06 SALISBURY - 0018000001VZNhBAAX,EAST DIVISION,80805122000,447-56418,WORCESTER POLYTECH 06 SALISBUR,INSTITUTE RD SALISBURY,WORCESTER,MA,01609-2280,WMI,ECP MILLBURY MSW,MSW,MSW,376744,30C,E/R,44756.39236,7,2022,1.14,,July, 06 SALISBUR
WM of New England,WORCESTER POLYTECH 01 MORGAN HALL - 0018000001VZNguAAH,EAST DIVISION,80805102004,447-56329,WORCESTER POLYTECH 01 MORGAN H,INSTITUTE RD,WORCESTER,MA,01609-2247,LSS,LEOMINSTER SINGLE STREAM,COMMINGLED & NEWSPAPER,RECYCLING,379990,Y30,E/R,44763.5125,7,2022,0.68,,July, 01 MORGAN H
WM of New England,WORCESTER POLYTECH 04 FOUNDERS - 0018000001VZNgtAAH,EAST DIVISION,80805112002,447-56337,WORCESTER POLYTECH 04 FOUNDERS,BOYNTON ST,WORCESTER,MA,01609-3114,WMI,ECP MILLBURY MSW,MSW,MSW,383348,20C,E/R,44770.41111,7,2022,0.16,,July, 04 FOUNDERS
WM of New England,WORCESTER POLYTECH 07 MORGAN HALL - 0018000001WxuWCAAZ,EAST DIVISION,188077933007,447-854847,WORCESTER POLYTECH 07 MORGAN H,INSTITUTE RD,WORCESTER,MA,01609-2247,WMI,ECP MILLBURY MSW,MSW,MSW,376743,20C,E/R,44756.50347,7,2022,1.06,,July, 07 MORGAN H
WM of New England,WORCESTER POLYTECH 04 FOUNDERS - 0018000001VZNgtAAH,EAST DIVISION,80805112002,447-56337,WORCESTER POLYTECH 04 FOUNDERS,BOYNTON ST,WORCESTER,MA,01609-3114,WMI,ECP MILLBURY MSW,MSW,MSW,379963,20C,E/R,44763.38611,7,2022,0.24,,July, 04 FOUNDERS
WM of New England,WORCESTER POLYTECH 04 FOUNDERS - 0018000001VZNgtAAH,EAST DIVISION,80805112002,447-56337,WORCESTER POLYTECH 04 FOUNDERS,BOYNTON ST,WORCESTER,MA,01609-3114,WMI,ECP MILLBURY MSW,MSW,MSW,376707,20C,E/R,44756.44097,7,2022,0.15,,July, 04 FOUNDERS
WM of New England,WORCESTER POLYTECH 08 RECYCLE - 0018000001VZNhCAAX,EAST DIVISION,80840682009,447-195485,WORCESTER POLYTECH 08 RECYCLE,INSTITUTE RD,WORCESTER,MA,01609-2247,LSS,LEOMINSTER SINGLE STREAM,SINGLE STREAM RECYCLE,RECYCLING,375770,46C,E/R,44762.20625,7,2022,8.01,,July, 08 RECYCLE
WM of New England,WORCESTER POLYTECH 10 CAMPUS CENTER - 0018000001VZNgzAAH,EAST DIVISION,81236882007,447-792129,WORCESTER POLYTECH 10 CAMPUS C,INSTITUTE RD,WORCESTER,MA,01609-2280,WMI,ECP MILLBURY MSW,MSW,MSW,376741,30C,E/R,44756.24097,7,2022,0.8,,July, 10 CAMPUS C
WM of New England,WORCESTER POLYTECH 10 CAMPUS CENTER - 0018000001VZNgzAAH,EAST DIVISION,81236882007,447-792129,WORCESTER POLYTECH 10 CAMPUS C,INSTITUTE RD,WORCESTER,MA,01609-2280,WMI,ECP MILLBURY MSW,MSW,MSW,373202,30C,E/R,44750.18403,7,2022,0.78,,July, 10 CAMPUS C
WM of New England,WORCESTER POLYTECH 02 DANIELS - 0018000001VZNh8AAH,EAST DIVISION,80805092006,447-56302,WORCESTER POLYTECH 02 DANIELS,INSTITUTE RD,WORCESTER,MA,01609-2247,WMI,ECP MILLBURY MSW,MSW,MSW,374301,30C,DNR,44756.24236,7,2022,3.7,,July, 02 DANIELS
WM of New England,WORCESTER POLYTECH 01 MORGAN HALL - 0018000001VZNguAAH,EAST DIVISION,80805102004,447-56329,WORCESTER POLYTECH 01 MORGAN H,INSTITUTE RD,WORCESTER,MA,01609-2247,LSS,LEOMINSTER SINGLE STREAM,COMMINGLED & NEWSPAPER,RECYCLING,373201,Y30,E/R,44750.50625,7,2022,1.07,,July, 01 MORGAN H
WM of New England,WORCESTER POLYTECH 10 CAMPUS CENTER SSRY - 0018000001VZNh3AAH,EAST DIVISION,181098653008,447-853772,WORCESTER POLYTECH 10 CAMPUS C,INSTITUTE RD,WORCESTER,MA,01609-2247,LSS,LEOMINSTER SINGLE STREAM,COMMINGLED & NEWSPAPER,RECYCLING,373203,Y35,E/R,44750.25486,7,2022,0.39,,July, 10 CAMPUS C
WM of New England,WORCESTER POLYTECH 07 MORGAN HALL - 0018000001WxuWCAAZ,EAST DIVISION,188077933007,447-854847,WORCESTER POLYTECH 07 MORGAN H,INSTITUTE RD,WORCESTER,MA,01609-2247,WMI,ECP MILLBURY MSW,MSW,MSW,379993,20C,E/R,44763.44444,7,2022,1.07,,July, 07 MORGAN H
WM of New England,WORCESTER POLYTECH 06 SALISBURY - 0018000001VZNhBAAX,EAST DIVISION,80805122000,447-56418,WORCESTER POLYTECH 06 SALISBUR,INSTITUTE RD SALISBURY,WORCESTER,MA,01609-2280,WMI,ECP MILLBURY MSW,MSW,MSW,386623,30C,E/R,44777.34306,8,2022,0.89,,August, 06 SALISBUR
WM of New England,WORCESTER POLYTECH 04 FOUNDERS - 0018000001VZNgtAAH,EAST DIVISION,80805112002,447-56337,WORCESTER POLYTECH 04 FOUNDERS,BOYNTON ST,WORCESTER,MA,01609-3114,WMI,ECP MILLBURY MSW,MSW,MSW,386593,20C,E/R,44777.42292,8,2022,0.19,,August, 04 FOUNDERS
WM of New England,WORCESTER POLYTECH 10 CAMPUS CENTER SSRY - 0018000001VZNh3AAH,EAST DIVISION,181098653008,447-853772,WORCESTER POLYTECH 10 CAMPUS C,INSTITUTE RD,WORCESTER,MA,01609-2247,LSS,LEOMINSTER SINGLE STREAM,COMMINGLED & NEWSPAPER,RECYCLING,386621,Y35,E/R,44777.28125,8,2022,0.56,,August, 10 CAMPUS C
WM of New England,WORCESTER POLYTECH 03 FARADAY HALL - 0018000001Vf9IrAAJ,EAST DIVISION,127928563002,447-845245,WORCESTER POLYTECH 03 FARADAY,FARADAY ST,WORCESTER,MA,01605-2602,LTT,LEOMINSTER TRANSFER (MSW),MSW,MSW,394589,35C,E/R,44799.42153,8,2022,8.55,,August, 03 FARADAY
WM of New England,WORCESTER POLYTECH 12 RECYCLE - 0018000001VZNh9AAH,EAST DIVISION,141217982004,447-827458,WORCESTER POLYTECH 12 RECYCLE,PRESCOTT ST,WORCESTER,MA,01605-2661,LSS,LEOMINSTER SINGLE STREAM,COMINGLED,RECYCLING,394585,42Y,E/R,44799.4875,8,2022,2.79,,August, 12 RECYCLE
WM of New England,WORCESTER POLYTECH 07 MORGAN HALL - 0018000001WxuWCAAZ,EAST DIVISION,188077933007,447-854847,WORCESTER POLYTECH 07 MORGAN H,INSTITUTE RD,WORCESTER,MA,01609-2247,WMI,ECP MILLBURY MSW,MSW,MSW,396820,20C,E/R,44798.53056,8,2022,2.2,,August, 07 MORGAN H
WM of New England,WORCESTER POLYTECH 08 RECYCLE - 0018000001VZNhCAAX,EAST DIVISION,80840682009,447-195485,WORCESTER POLYTECH 08 RECYCLE,INSTITUTE RD,WORCESTER,MA,01609-2247,LSS,LEOMINSTER SINGLE STREAM,SINGLE STREAM RECYCLE,RECYCLING,394587,46C,E/R,44798.40347,8,2022,5.36,,August, 08 RECYCLE
WM of New England,WORCESTER POLYTECH 07 MORGAN HALL - 0018000001WxuWCAAZ,EAST DIVISION,188077933007,447-854847,WORCESTER POLYTECH 07 MORGAN H,INSTITUTE RD,WORCESTER,MA,01609-2247,WMI,ECP MILLBURY MSW,MSW,MSW,386622,20C,E/R,44777.50833,8,2022,1.05,,August, 07 MORGAN H
WM of New England,WORCESTER POLYTECH 10 CAMPUS CENTER - 0018000001VZNgzAAH,EAST DIVISION,81236882007,447-792129,WORCESTER POLYTECH 10 CAMPUS C,INSTITUTE RD,WORCESTER,MA,01609-2280,WMI,ECP MILLBURY MSW,MSW,MSW,393481,30C,E/R,44791.19583,8,2022,2.41,,August, 10 CAMPUS C
WM of New England,WORCESTER POLYTECH 04 FOUNDERS - 0018000001VZNgtAAH,EAST DIVISION,80805112002,447-56337,WORCESTER POLYTECH 04 FOUNDERS,BOYNTON ST,WORCESTER,MA,01609-3114,WMI,ECP MILLBURY MSW,MSW,MSW,390066,20C,E/R,44784.39306,8,2022,0.23,,August, 04 FOUNDERS
WM of New England,WORCESTER POLYTECH 01 MORGAN HALL - 0018000001VZNguAAH,EAST DIVISION,80805102004,447-56329,WORCESTER POLYTECH 01 MORGAN H,INSTITUTE RD,WORCESTER,MA,01609-2247,LSS,LEOMINSTER SINGLE STREAM,COMMINGLED & NEWSPAPER,RECYCLING,386619,Y30,E/R,44777.60278,8,2022,0.51,,August, 01 MORGAN H
WM of New England,WORCESTER POLYTECH 07 MORGAN HALL - 0018000001WxuWCAAZ,EAST DIVISION,188077933007,447-854847,WORCESTER POLYTECH 07 MORGAN H,INSTITUTE RD,WORCESTER,MA,01609-2247,,UNDEFINED,MSW,MSW,395122,DEL,DEL,44795.32639,8,2022,0.0,,August, 07 MORGAN H
WM of New England,WORCESTER POLYTECH 10 CAMPUS CENTER - 0018000001VZNgzAAH,EAST DIVISION,81236882007,447-792129,WORCESTER POLYTECH 10 CAMPUS C,INSTITUTE RD,WORCESTER,MA,01609-2280,WMI,ECP MILLBURY MSW,MSW,MSW,396818,30C,E/R,44798.19444,8,2022,4.06,,August, 10 CAMPUS C
WM of New England,WORCESTER POLYTECH 04 FOUNDERS - 0018000001VZNgtAAH,EAST DIVISION,80805112002,447-56337,WORCESTER POLYTECH 04 FOUNDERS,BOYNTON ST,WORCESTER,MA,01609-3114,WMI,ECP MILLBURY MSW,MSW,MSW,396786,20C,E/R,44798.47986,8,2022,1.16,,August, 04 FOUNDERS
WM of New England,WORCESTER POLYTECH 06 SALISBURY - 0018000001VZNhBAAX,EAST DIVISION,80805122000,447-56418,WORCESTER POLYTECH 06 SALISBUR,INSTITUTE RD SALISBURY,WORCESTER,MA,01609-2280,WMI,ECP MILLBURY MSW,MSW,MSW,396821,30C,E/R,44798.33958,8,2022,1.93,,August, 06 SALISBUR
WM of New England,WORCESTER POLYTECH 06 SALISBURY - 0018000001VZNhBAAX,EAST DIVISION,80805122000,447-56418,WORCESTER POLYTECH 06 SALISBUR,INSTITUTE RD SALISBURY,WORCESTER,MA,01609-2280,WMI,ECP MILLBURY MSW,MSW,MSW,390102,30C,E/R,44784.35,8,2022,1.61,,August, 06 SALISBUR
WM of New England,WORCESTER POLYTECH 07 MORGAN HALL - 0018000001WxuWCAAZ,EAST DIVISION,188077933007,447-854847,WORCESTER POLYTECH 07 MORGAN H,INSTITUTE RD,WORCESTER,MA,01609-2247,WMI,ECP MILLBURY MSW,MSW,MSW,393483,20C,DNR,44791.48542,8,2022,2.05,,August, 07 MORGAN H
WM of New England,WORCESTER POLYTECH 06 SALISBURY - 0018000001VZNhBAAX,EAST DIVISION,80805122000,447-56418,WORCESTER POLYTECH 06 SALISBUR,INSTITUTE RD SALISBURY,WORCESTER,MA,01609-2280,WMI,ECP MILLBURY MSW,MSW,MSW,393484,30C,E/R,44791.34444,8,2022,1.79,,August, 06 SALISBUR
WM of New England,WORCESTER POLYTECH 10 CAMPUS CENTER SSRY - 0018000001VZNh3AAH,EAST DIVISION,181098653008,447-853772,WORCESTER POLYTECH 10 CAMPUS C,INSTITUTE RD,WORCESTER,MA,01609-2247,LSS,LEOMINSTER SINGLE STREAM,COMMINGLED & NEWSPAPER,RECYCLING,393482,Y35,E/R,44791.28264,8,2022,0.55,,August, 10 CAMPUS C
WM of New England,WORCESTER POLYTECH 10 CAMPUS CENTER SSRY - 0018000001VZNh3AAH,EAST DIVISION,181098653008,447-853772,WORCESTER POLYTECH 10 CAMPUS C,INSTITUTE RD,WORCESTER,MA,01609-2247,LSS,LEOMINSTER SINGLE STREAM,COMMINGLED & NEWSPAPER,RECYCLING,396819,Y35,E/R,44798.26736,8,2022,1.38,,August, 10 CAMPUS C
WM of New England,WORCESTER POLYTECH 09 - 0018000001Vf9IpAAJ,EAST DIVISION,148114312007,447-832265,WORCESTER POLYTECH 09 EAST HAL,BOYNTON ST,WORCESTER,MA,01609-3114,LTT,LEOMINSTER TRANSFER (MSW),MSW,MSW,394579,20C,E/R,44799.33472,8,2022,2.53,,August, 09 EAST HAL
WM of New England,WORCESTER POLYTECH 10 CAMPUS CENTER - 0018000001VZNgzAAH,EAST DIVISION,81236882007,447-792129,WORCESTER POLYTECH 10 CAMPUS C,INSTITUTE RD,WORCESTER,MA,01609-2280,WMI,ECP MILLBURY MSW,MSW,MSW,390099,30C,E/R,44784.19931,8,2022,1.18,,August, 10 CAMPUS C
WM of New England,WORCESTER POLYTECH 10 CAMPUS CENTER - 0018000001VZNgzAAH,EAST DIVISION,81236882007,447-792129,WORCESTER POLYTECH 10 CAMPUS C,INSTITUTE RD,WORCESTER,MA,01609-2280,WMI,ECP MILLBURY MSW,MSW,MSW,386620,30C,E/R,44777.19444,8,2022,1.75,,August, 10 CAMPUS C
WM of New England,WORCESTER POLYTECH 10 CAMPUS CENTER SSRY - 0018000001VZNh3AAH,EAST DIVISION,181098653008,447-853772,WORCESTER POLYTECH 10 CAMPUS C,INSTITUTE RD,WORCESTER,MA,01609-2247,LSS,LEOMINSTER SINGLE STREAM,COMMINGLED & NEWSPAPER,RECYCLING,390100,Y35,E/R,44784.2875,8,2022,0.45,,August, 10 CAMPUS C
WM of New England,WORCESTER POLYTECH 02 DANIELS - 0018000001VZNh8AAH,EAST DIVISION,80805092006,447-56302,WORCESTER POLYTECH 02 DANIELS,INSTITUTE RD,WORCESTER,MA,01609-2247,,UNDEFINED,UNDEFINED,MSW,394553,TRF,TRP,44799.40347,8,2022,0.0,,August, 02 DANIELS
WM of New England,WORCESTER POLYTECH 04 FOUNDERS - 0018000001VZNgtAAH,EAST DIVISION,80805112002,447-56337,WORCESTER POLYTECH 04 FOUNDERS,BOYNTON ST,WORCESTER,MA,01609-3114,WMI,ECP MILLBURY MSW,MSW,MSW,393453,20C,E/R,44791.41806,8,2022,0.53,,August, 04 FOUNDERS
WM of New England,WORCESTER POLYTECH 01 MORGAN HALL - 0018000001VZNguAAH,EAST DIVISION,80805102004,447-56329,WORCESTER POLYTECH 01 MORGAN H,INSTITUTE RD,WORCESTER,MA,01609-2247,LSS,LEOMINSTER SINGLE STREAM,COMMINGLED & NEWSPAPER,RECYCLING,393480,Y30,E/R,44791.54028,8,2022,1.06,,August, 01 MORGAN H
WM of New England,WORCESTER POLYTECH 07 MORGAN HALL - 0018000001WxuWCAAZ,EAST DIVISION,188077933007,447-854847,WORCESTER POLYTECH 07 MORGAN H,INSTITUTE RD,WORCESTER,MA,01609-2247,WMI,ECP MILLBURY MSW,MSW,MSW,390101,20C,E/R,44784.45704,8,2022,1.3,,August, 07 MORGAN H
WM of New England,WORCESTER POLYTECH 06 SALISBURY - 0018000001VZNhBAAX,EAST DIVISION,80805122000,447-56418,WORCESTER POLYTECH 06 SALISBUR,INSTITUTE RD SALISBURY,WORCESTER,MA,01609-2280,WMI,ECP MILLBURY MSW,MSW,MSW,406889,30C,E/R,44819.3625,9,2022,2.47,,September, 06 SALISBUR
WM of New England,WORCESTER POLYTECH 07 MORGAN HALL - 0018000001WxuWCAAZ,EAST DIVISION,188077933007,447-854847,WORCESTER POLYTECH 07 MORGAN H,INSTITUTE RD,WORCESTER,MA,01609-2247,WMI,ECP MILLBURY MSW,MSW,MSW,410244,20C,E/R,44826.475,9,2022,3.41,,September, 07 MORGAN H
WM of New England,WORCESTER POLYTECH 06 SALISBURY - 0018000001VZNhBAAX,EAST DIVISION,80805122000,447-56418,WORCESTER POLYTECH 06 SALISBUR,INSTITUTE RD SALISBURY,WORCESTER,MA,01609-2280,WMI,ECP MILLBURY MSW,MSW,MSW,410245,30C,E/R,44826.36806,9,2022,3.64,,September, 06 SALISBUR
WM of New England,WORCESTER POLYTECH 10 CAMPUS CENTER SSRY - 0018000001VZNh3AAH,EAST DIVISION,181098653008,447-853772,WORCESTER POLYTECH 10 CAMPUS C,INSTITUTE RD,WORCESTER,MA,01609-2247,LSS,LEOMINSTER SINGLE STREAM,COMMINGLED & NEWSPAPER,RECYCLING,410243,Y35,E/R,44826.29861,9,2022,1.6,,September, 10 CAMPUS C
WM of New England,WORCESTER POLYTECH 04 FOUNDERS - 0018000001VZNgtAAH,EAST DIVISION,80805112002,447-56337,WORCESTER POLYTECH 04 FOUNDERS,BOYNTON ST,WORCESTER,MA,01609-3114,WMI,ECP MILLBURY MSW,MSW,MSW,410210,20C,E/R,44826.41667,9,2022,1.32,,September, 04 FOUNDERS
WM of New England,WORCESTER POLYTECH 04 FOUNDERS - 0018000001VZNgtAAH,EAST DIVISION,80805112002,447-56337,WORCESTER POLYTECH 04 FOUNDERS,BOYNTON ST,WORCESTER,MA,01609-3114,LTT,LEOMINSTER TRANSFER (MSW),MSW,MSW,400275,20C,E/R,44805.54306,9,2022,1.56,,September, 04 FOUNDERS
WM of New England,WORCESTER POLYTECH 08 RECYCLE - 0018000001VZNhCAAX,EAST DIVISION,80840682009,447-195485,WORCESTER POLYTECH 08 RECYCLE,INSTITUTE RD,WORCESTER,MA,01609-2247,,UNDEFINED,UNDEFINED,MSW,409085,TRP,TRP,44832.65903,9,2022,0.0,,September, 08 RECYCLE
WM of New England,WORCESTER POLYTECH 04 FOUNDERS - 0018000001VZNgtAAH,EAST DIVISION,80805112002,447-56337,WORCESTER POLYTECH 04 FOUNDERS,BOYNTON ST,WORCESTER,MA,01609-3114,LTT,LEOMINSTER TRANSFER (MSW),MSW,MSW,403254,20C,E/R,44814.36458,9,2022,1.74,,September, 04 FOUNDERS
WM of New England,WORCESTER POLYTECH 06 SALISBURY - 0018000001VZNhBAAX,EAST DIVISION,80805122000,447-56418,WORCESTER POLYTECH 06 SALISBUR,INSTITUTE RD SALISBURY,WORCESTER,MA,01609-2280,LTT,LEOMINSTER TRANSFER (MSW),MSW,MSW,403290,30C,E/R,44814.32153,9,2022,4.14,,September, 06 SALISBUR
WM of New England,WORCESTER POLYTECH 07 MORGAN HALL - 0018000001WxuWCAAZ,EAST DIVISION,188077933007,447-854847,WORCESTER POLYTECH 07 MORGAN H,INSTITUTE RD,WORCESTER,MA,01609-2247,LTT,LEOMINSTER TRANSFER (MSW),MSW,MSW,400305,20C,E/R,44805.60208,9,2022,3.38,,September, 07 MORGAN H
WM of New England,WORCESTER POLYTECH 10 CAMPUS CENTER SSRY - 0018000001VZNh3AAH,EAST DIVISION,181098653008,447-853772,WORCESTER POLYTECH 10 CAMPUS C,INSTITUTE RD,WORCESTER,MA,01609-2247,LSS,LEOMINSTER SINGLE STREAM,COMMINGLED & NEWSPAPER,RECYCLING,403288,Y35,E/R,44814.25903,9,2022,1.76,,September, 10 CAMPUS C
WM of New England,WORCESTER POLYTECH 06 SALISBURY - 0018000001VZNhBAAX,EAST DIVISION,80805122000,447-56418,WORCESTER POLYTECH 06 SALISBUR,INSTITUTE RD SALISBURY,WORCESTER,MA,01609-2280,WMI,ECP MILLBURY MSW,MSW,MSW,400306,30C,E/R,44805.44653,9,2022,2.73,,September, 06 SALISBUR
WM of New England,WORCESTER POLYTECH 10 CAMPUS CENTER - 0018000001VZNgzAAH,EAST DIVISION,81236882007,447-792129,WORCESTER POLYTECH 10 CAMPUS C,INSTITUTE RD,WORCESTER,MA,01609-2280,WMI,ECP MILLBURY MSW,MSW,MSW,406886,30C,E/R,44819.19514,9,2022,3.42,,September, 10 CAMPUS C
WM of New England,WORCESTER POLYTECH 07 MORGAN HALL - 0018000001WxuWCAAZ,EAST DIVISION,188077933007,447-854847,WORCESTER POLYTECH 07 MORGAN H,INSTITUTE RD,WORCESTER,MA,01609-2247,WMI,ECP MILLBURY MSW,MSW,MSW,406888,20C,E/R,44819.52153,9,2022,2.69,,September, 07 MORGAN H
WM of New England,WORCESTER POLYTECH 01 MORGAN HALL - 0018000001VZNguAAH,EAST DIVISION,80805102004,447-56329,WORCESTER POLYTECH 01 MORGAN H,INSTITUTE RD,WORCESTER,MA,01609-2247,LSS,LEOMINSTER SINGLE STREAM,COMMINGLED & NEWSPAPER,RECYCLING,400302,Y30,E/R,44805.37083,9,2022,1.67,,September, 01 MORGAN H
WM of New England,WORCESTER POLYTECH 07 MORGAN HALL - 0018000001WxuWCAAZ,EAST DIVISION,188077933007,447-854847,WORCESTER POLYTECH 07 MORGAN H,INSTITUTE RD,WORCESTER,MA,01609-2247,LTT,LEOMINSTER TRANSFER (MSW),MSW,MSW,403289,20C,E/R,44814.41597,9,2022,5.01,,September, 07 MORGAN H
WM of New England,WORCESTER POLYTECH 10 CAMPUS CENTER SSRY - 0018000001VZNh3AAH,EAST DIVISION,181098653008,447-853772,WORCESTER POLYTECH 10 CAMPUS C,INSTITUTE RD,WORCESTER,MA,01609-2247,LSS,LEOMINSTER SINGLE STREAM,COMMINGLED & NEWSPAPER,RECYCLING,406887,Y35,E/R,44819.29306,9,2022,1.25,,September, 10 CAMPUS C
WM of New England,WORCESTER POLYTECH 06 SALISBURY - 0018000001VZNhBAAX,EAST DIVISION,80805122000,447-56418,WORCESTER POLYTECH 06 SALISBUR,INSTITUTE RD SALISBURY,WORCESTER,MA,01609-2280,LTT,LEOMINSTER TRANSFER (MSW),MSW,MSW,413652,30C,E/R,44833.40837,9,2022,4.2,,September, 06 SALISBUR
WM of New England,WORCESTER POLYTECH 10 CAMPUS CENTER - 0018000001VZNgzAAH,EAST DIVISION,81236882007,447-792129,WORCESTER POLYTECH 10 CAMPUS C,INSTITUTE RD,WORCESTER,MA,01609-2280,WMI,ECP MILLBURY MSW,MSW,MSW,400303,30C,E/R,44805.19583,9,2022,4.41,,September, 10 CAMPUS C
WM of New England,WORCESTER POLYTECH 04 FOUNDERS - 0018000001VZNgtAAH,EAST DIVISION,80805112002,447-56337,WORCESTER POLYTECH 04 FOUNDERS,BOYNTON ST,WORCESTER,MA,01609-3114,WMI,ECP MILLBURY MSW,MSW,MSW,413621,20C,E/R,44833.46528,9,2022,1.45,,September, 04 FOUNDERS
WM of New England,WORCESTER POLYTECH 04 FOUNDERS - 0018000001VZNgtAAH,EAST DIVISION,80805112002,447-56337,WORCESTER POLYTECH 04 FOUNDERS,BOYNTON ST,WORCESTER,MA,01609-3114,WMI,ECP MILLBURY MSW,MSW,MSW,406858,20C,E/R,44819.44583,9,2022,1.0,,September, 04 FOUNDERS
WM of New England,WORCESTER POLYTECH 09 - 0018000001Vf9IpAAJ,EAST DIVISION,148114312007,447-832265,WORCESTER POLYTECH 09 EAST HAL,BOYNTON ST,WORCESTER,MA,01609-3114,LTT,LEOMINSTER TRANSFER (MSW),MSW,MSW,409224,20C,E/R,44832.57648,9,2022,2.89,,September, 09 EAST HAL
WM of New England,WORCESTER POLYTECH 10 CAMPUS CENTER - 0018000001VZNgzAAH,EAST DIVISION,81236882007,447-792129,WORCESTER POLYTECH 10 CAMPUS C,INSTITUTE RD,WORCESTER,MA,01609-2280,WMI,ECP MILLBURY MSW,MSW,MSW,410242,30C,E/R,44826.19444,9,2022,4.6,,September, 10 CAMPUS C
WM of New England,WORCESTER POLYTECH 01 MORGAN HALL - 0018000001VZNguAAH,EAST DIVISION,80805102004,447-56329,WORCESTER POLYTECH 01 MORGAN H,INSTITUTE RD,WORCESTER,MA,01609-2247,LSS,LEOMINSTER SINGLE STREAM,COMMINGLED & NEWSPAPER,RECYCLING,413648,Y30,E/R,44833.53193,9,2022,1.65,,September, 01 MORGAN H
WM of New England,WORCESTER POLYTECH 07 MORGAN HALL - 0018000001WxuWCAAZ,EAST DIVISION,188077933007,447-854847,WORCESTER POLYTECH 07 MORGAN H,INSTITUTE RD,WORCESTER,MA,01609-2247,LTT,LEOMINSTER TRANSFER (MSW),MSW,MSW,413651,20C,E/R,44833.59167,9,2022,3.14,,September, 07 MORGAN H
WM of New England,WORCESTER POLYTECH 03 FARADAY HALL - 0018000001Vf9IrAAJ,EAST DIVISION,127928563002,447-845245,WORCESTER POLYTECH 03 FARADAY,FARADAY ST,WORCESTER,MA,01605-2602,,UNDEFINED,MSW,MSW,413120,,ZRP,44831.33333,9,2022,0.0,,September, 03 FARADAY
WM of New England,WORCESTER POLYTECH 10 CAMPUS CENTER SSRY - 0018000001VZNh3AAH,EAST DIVISION,181098653008,447-853772,WORCESTER POLYTECH 10 CAMPUS C,INSTITUTE RD,WORCESTER,MA,01609-2247,LSS,LEOMINSTER SINGLE STREAM,COMMINGLED & NEWSPAPER,RECYCLING,413650,Y35,E/R,44833.33774,9,2022,1.66,,September, 10 CAMPUS C
WM of New England,WORCESTER POLYTECH 02 DANIELS - 0018000001VZNh8AAH,EAST DIVISION,80805092006,447-56302,WORCESTER POLYTECH 02 DANIELS,INSTITUTE RD,WORCESTER,MA,01609-2247,WMI,ECP MILLBURY MSW,MSW,MSW,411184,30C,E/R,44834.25,9,2022,8.04,,September, 02 DANIELS
WM of New England,WORCESTER POLYTECH 10 CAMPUS CENTER SSRY - 0018000001VZNh3AAH,EAST DIVISION,181098653008,447-853772,WORCESTER POLYTECH 10 CAMPUS C,INSTITUTE RD,WORCESTER,MA,01609-2247,LSS,LEOMINSTER SINGLE STREAM,COMMINGLED & NEWSPAPER,RECYCLING,400304,Y35,E/R,44805.29444,9,2022,1.56,,September, 10 CAMPUS C
WM of New England,WORCESTER POLYTECH 01 MORGAN HALL - 0018000001VZNguAAH,EAST DIVISION,80805102004,447-56329,WORCESTER POLYTECH 01 MORGAN H,INSTITUTE RD,WORCESTER,MA,01609-2247,LSS,LEOMINSTER SINGLE STREAM,COMMINGLED & NEWSPAPER,RECYCLING,406885,Y30,E/R,44819.62361,9,2022,1.84,,September, 01 MORGAN H
WM of New England,WORCESTER POLYTECH 07 MORGAN HALL - 0018000001WxuWCAAZ,EAST DIVISION,188077933007,447-854847,WORCESTER POLYTECH 07 MORGAN H,INSTITUTE RD,WORCESTER,MA,01609-2247,,UNDEFINED,UNDEFINED,MSW,407924,,ZRP,44819.41667,9,2022,0.0,,September, 07 MORGAN H
WM of New England,WORCESTER POLYTECH 10 CAMPUS CENTER - 0018000001VZNgzAAH,EAST DIVISION,81236882007,447-792129,WORCESTER POLYTECH 10 CAMPUS C,INSTITUTE RD,WORCESTER,MA,01609-2280,WMI,ECP MILLBURY MSW,MSW,MSW,403287,30C,E/R,44814.17014,9,2022,6.88,,September, 10 CAMPUS C
WM of New England,WORCESTER POLYTECH 10 CAMPUS CENTER - 0018000001VZNgzAAH,EAST DIVISION,81236882007,447-792129,WORCESTER POLYTECH 10 CAMPUS C,INSTITUTE RD,WORCESTER,MA,01609-2280,WMI,ECP MILLBURY MSW,MSW,MSW,413649,30C,E/R,44833.23889,9,2022,4.63,,September, 10 CAMPUS C
WM of New England,WORCESTER POLYTECH 04 FOUNDERS - 0018000001VZNgtAAH,EAST DIVISION,80805112002,447-56337,WORCESTER POLYTECH 04 FOUNDERS,BOYNTON ST,WORCESTER,MA,01609-3114,LTT,LEOMINSTER TRANSFER (MSW),MSW,MSW,417165,20C,E/R,44840.55833,10,2022,1.8,,October, 04 FOUNDERS
WM of New England,WORCESTER POLYTECH 06 SALISBURY - 0018000001VZNhBAAX,EAST DIVISION,80805122000,447-56418,WORCESTER POLYTECH 06 SALISBUR,INSTITUTE RD SALISBURY,WORCESTER,MA,01609-2280,LTT,LEOMINSTER TRANSFER (MSW),MSW,MSW,417201,30C,E/R,44840.37778,10,2022,3.01,,October, 06 SALISBUR
WM of New England,WORCESTER POLYTECH 06 SALISBURY - 0018000001VZNhBAAX,EAST DIVISION,80805122000,447-56418,WORCESTER POLYTECH 06 SALISBUR,INSTITUTE RD SALISBURY,WORCESTER,MA,01609-2280,WMI,ECP MILLBURY MSW,MSW,MSW,423656,30C,E/R,44854.34167,10,2022,2.3,,October, 06 SALISBUR
WM of New England,WORCESTER POLYTECH 01 MORGAN HALL - 0018000001VZNguAAH,EAST DIVISION,80805102004,447-56329,WORCESTER POLYTECH 01 MORGAN H,INSTITUTE RD,WORCESTER,MA,01609-2247,LSS,LEOMINSTER SINGLE STREAM,COMMINGLED & NEWSPAPER,RECYCLING,420429,Y30,E/R,44847.54722,10,2022,1.54,,October, 01 MORGAN H
WM of New England,WORCESTER POLYTECH 07 MORGAN HALL - 0018000001WxuWCAAZ,EAST DIVISION,188077933007,447-854847,WORCESTER POLYTECH 07 MORGAN H,INSTITUTE RD,WORCESTER,MA,01609-2247,WMI,ECP MILLBURY MSW,MSW,MSW,420432,20C,E/R,44847.49861,10,2022,2.55,,October, 07 MORGAN H
WM of New England,WORCESTER POLYTECH 10 CAMPUS CENTER - 0018000001VZNgzAAH,EAST DIVISION,81236882007,447-792129,WORCESTER POLYTECH 10 CAMPUS C,INSTITUTE RD,WORCESTER,MA,01609-2280,WMI,ECP MILLBURY MSW,MSW,MSW,417198,30C,E/R,44840.19583,10,2022,4.32,,October, 10 CAMPUS C
WM of New England,WORCESTER POLYTECH 07 MORGAN HALL - 0018000001WxuWCAAZ,EAST DIVISION,188077933007,447-854847,WORCESTER POLYTECH 07 MORGAN H,INSTITUTE RD,WORCESTER,MA,01609-2247,LTT,LEOMINSTER TRANSFER (MSW),MSW,MSW,417200,20C,E/R,44840.61319,10,2022,3.08,,October, 07 MORGAN H
WM of New England,WORCESTER POLYTECH 04 FOUNDERS - 0018000001VZNgtAAH,EAST DIVISION,80805112002,447-56337,WORCESTER POLYTECH 04 FOUNDERS,BOYNTON ST,WORCESTER,MA,01609-3114,WMI,ECP MILLBURY MSW,MSW,MSW,423622,20C,E/R,44854.44028,10,2022,0.84,,October, 04 FOUNDERS
WM of New England,WORCESTER POLYTECH 10 CAMPUS CENTER - 0018000001VZNgzAAH,EAST DIVISION,81236882007,447-792129,WORCESTER POLYTECH 10 CAMPUS C,INSTITUTE RD,WORCESTER,MA,01609-2280,WMI,ECP MILLBURY MSW,MSW,MSW,420430,30C,E/R,44847.19726,10,2022,4.62,,October, 10 CAMPUS C
WM of New England,WORCESTER POLYTECH 04 FOUNDERS - 0018000001VZNgtAAH,EAST DIVISION,80805112002,447-56337,WORCESTER POLYTECH 04 FOUNDERS,BOYNTON ST,WORCESTER,MA,01609-3114,LTT,LEOMINSTER TRANSFER (MSW),MSW,MSW,426891,20C,E/R,44861.44514,10,2022,1.27,,October, 04 FOUNDERS
WM of New England,WORCESTER POLYTECH 06 SALISBURY - 0018000001VZNhBAAX,EAST DIVISION,80805122000,447-56418,WORCESTER POLYTECH 06 SALISBUR,INSTITUTE RD SALISBURY,WORCESTER,MA,01609-2280,LTT,LEOMINSTER TRANSFER (MSW),MSW,MSW,426924,30C,E/R,44861.38819,10,2022,2.65,,October, 06 SALISBUR
WM of New England,WORCESTER POLYTECH 10 CAMPUS CENTER SSRY - 0018000001VZNh3AAH,EAST DIVISION,181098653008,447-853772,WORCESTER POLYTECH 10 CAMPUS C,INSTITUTE RD,WORCESTER,MA,01609-2247,LSS,LEOMINSTER SINGLE STREAM,COMMINGLED & NEWSPAPER,RECYCLING,417199,Y35,E/R,44840.32569,10,2022,1.77,,October, 10 CAMPUS C
WM of New England,WORCESTER POLYTECH 10 CAMPUS CENTER SSRY - 0018000001VZNh3AAH,EAST DIVISION,181098653008,447-853772,WORCESTER POLYTECH 10 CAMPUS C,INSTITUTE RD,WORCESTER,MA,01609-2247,LSS,LEOMINSTER SINGLE STREAM,COMMINGLED & NEWSPAPER,RECYCLING,423654,Y35,E/R,44854.25625,10,2022,1.05,,October, 10 CAMPUS C
WM of New England,WORCESTER POLYTECH 04 FOUNDERS - 0018000001VZNgtAAH,EAST DIVISION,80805112002,447-56337,WORCESTER POLYTECH 04 FOUNDERS,BOYNTON ST,WORCESTER,MA,01609-3114,WMI,ECP MILLBURY MSW,MSW,MSW,420402,20C,E/R,44847.42917,10,2022,1.58,,October, 04 FOUNDERS
WM of New England,WORCESTER POLYTECH 07 MORGAN HALL - 0018000001WxuWCAAZ,EAST DIVISION,188077933007,447-854847,WORCESTER POLYTECH 07 MORGAN H,INSTITUTE RD,WORCESTER,MA,01609-2247,LTT,LEOMINSTER TRANSFER (MSW),MSW,MSW,426923,20C,E/R,44861.51597,10,2022,2.54,,October, 07 MORGAN H
WM of New England,WORCESTER POLYTECH 01 MORGAN HALL - 0018000001VZNguAAH,EAST DIVISION,80805102004,447-56329,WORCESTER POLYTECH 01 MORGAN H,INSTITUTE RD,WORCESTER,MA,01609-2247,LSS,LEOMINSTER SINGLE STREAM,COMMINGLED & NEWSPAPER,RECYCLING,426920,Y30,E/R,44861.57153,10,2022,0.82,,October, 01 MORGAN H
WM of New England,WORCESTER POLYTECH 08 RECYCLE - 0018000001VZNhCAAX,EAST DIVISION,80840682009,447-195485,WORCESTER POLYTECH 08 RECYCLE,INSTITUTE RD,WORCESTER,MA,01609-2247,LSS,LEOMINSTER SINGLE STREAM,SINGLE STREAM RECYCLE,RECYCLING,415880,46C,E/R,44840.44444,10,2022,6.66,,October, 08 RECYCLE
WM of New England,WORCESTER POLYTECH 10 CAMPUS CENTER SSRY - 0018000001VZNh3AAH,EAST DIVISION,181098653008,447-853772,WORCESTER POLYTECH 10 CAMPUS C,INSTITUTE RD,WORCESTER,MA,01609-2247,LSS,LEOMINSTER SINGLE STREAM,COMMINGLED & NEWSPAPER,RECYCLING,426922,Y35,E/R,44861.32917,10,2022,1.26,,October, 10 CAMPUS C
WM of New England,WORCESTER POLYTECH 10 CAMPUS CENTER SSRY - 0018000001VZNh3AAH,EAST DIVISION,181098653008,447-853772,WORCESTER POLYTECH 10 CAMPUS C,INSTITUTE RD,WORCESTER,MA,01609-2247,LSS,LEOMINSTER SINGLE STREAM,COMMINGLED & NEWSPAPER,RECYCLING,420431,Y35,E/R,44847.29583,10,2022,1.47,,October, 10 CAMPUS C
WM of New England,WORCESTER POLYTECH 06 SALISBURY - 0018000001VZNhBAAX,EAST DIVISION,80805122000,447-56418,WORCESTER POLYTECH 06 SALISBUR,INSTITUTE RD SALISBURY,WORCESTER,MA,01609-2280,WMI,ECP MILLBURY MSW,MSW,MSW,420433,30C,E/R,44847.35764,10,2022,3.41,,October, 06 SALISBUR
WM of New England,WORCESTER POLYTECH 10 CAMPUS CENTER - 0018000001VZNgzAAH,EAST DIVISION,81236882007,447-792129,WORCESTER POLYTECH 10 CAMPUS C,INSTITUTE RD,WORCESTER,MA,01609-2280,LTT,LEOMINSTER TRANSFER (MSW),MSW,MSW,426921,30C,E/R,44861.24236,10,2022,3.72,,October, 10 CAMPUS C
WM of New England,WORCESTER POLYTECH 10 CAMPUS CENTER - 0018000001VZNgzAAH,EAST DIVISION,81236882007,447-792129,WORCESTER POLYTECH 10 CAMPUS C,INSTITUTE RD,WORCESTER,MA,01609-2280,WMI,ECP MILLBURY MSW,MSW,MSW,423653,30C,E/R,44854.19306,10,2022,3.13,,October, 10 CAMPUS C
WM of New England,WORCESTER POLYTECH 07 MORGAN HALL - 0018000001WxuWCAAZ,EAST DIVISION,188077933007,447-854847,WORCESTER POLYTECH 07 MORGAN H,INSTITUTE RD,WORCESTER,MA,01609-2247,WMI,ECP MILLBURY MSW,MSW,MSW,423655,20C,E/R,44854.49792,10,2022,1.38,,October, 07 MORGAN H
WM of New England,WORCESTER POLYTECH 06 SALISBURY - 0018000001VZNhBAAX,EAST DIVISION,80805122000,447-56418,WORCESTER POLYTECH 06 SALISBUR,INSTITUTE RD SALISBURY,WORCESTER,MA,01609-2280,LTT,LEOMINSTER TRANSFER (MSW),MSW,MSW,433463,30C,E/R,44875.41968,11,2022,3.33,,November, 06 SALISBUR
WM of New England,WORCESTER POLYTECH 02 DANIELS - 0018000001VZNh8AAH,EAST DIVISION,80805092006,447-56302,WORCESTER POLYTECH 02 DANIELS,INSTITUTE RD,WORCESTER,MA,01609-2247,WMI,ECP MILLBURY MSW,MSW,MSW,439119,30C,E/R,44894.53611,11,2022,8.06,,November, 02 DANIELS
WM of New England,WORCESTER POLYTECH 06 SALISBURY - 0018000001VZNhBAAX,EAST DIVISION,80805122000,447-56418,WORCESTER POLYTECH 06 SALISBUR,INSTITUTE RD SALISBURY,WORCESTER,MA,01609-2280,WMI,ECP MILLBURY MSW,MSW,MSW,436606,30C,E/R,44882.33472,11,2022,2.88,,November, 06 SALISBUR
WM of New England,WORCESTER POLYTECH 04 FOUNDERS - 0018000001VZNgtAAH,EAST DIVISION,80805112002,447-56337,WORCESTER POLYTECH 04 FOUNDERS,BOYNTON ST,WORCESTER,MA,01609-3114,LTT,LEOMINSTER TRANSFER (MSW),MSW,MSW,433429,20C,E/R,44875.46699,11,2022,1.63,,November, 04 FOUNDERS
WM of New England,WORCESTER POLYTECH 10 CAMPUS CENTER - 0018000001VZNgzAAH,EAST DIVISION,81236882007,447-792129,WORCESTER POLYTECH 10 CAMPUS C,INSTITUTE RD,WORCESTER,MA,01609-2280,WMI,ECP MILLBURY MSW,MSW,MSW,430167,30C,E/R,44868.20069,11,2022,4.29,,November, 10 CAMPUS C
WM of New England,WORCESTER POLYTECH 04 FOUNDERS - 0018000001VZNgtAAH,EAST DIVISION,80805112002,447-56337,WORCESTER POLYTECH 04 FOUNDERS,BOYNTON ST,WORCESTER,MA,01609-3114,WMI,ECP MILLBURY MSW,MSW,MSW,430130,20C,E/R,44868.41944,11,2022,1.69,,November, 04 FOUNDERS
WM of New England,WORCESTER POLYTECH 08 RECYCLE - 0018000001VZNhCAAX,EAST DIVISION,80840682009,447-195485,WORCESTER POLYTECH 08 RECYCLE,INSTITUTE RD,WORCESTER,MA,01609-2247,LSS,LEOMINSTER SINGLE STREAM,SINGLE STREAM RECYCLE,RECYCLING,427077,46C,E/R,44872.27083,11,2022,3.68,,November, 08 RECYCLE
WM of New England,WORCESTER POLYTECH 07 MORGAN HALL - 0018000001WxuWCAAZ,EAST DIVISION,188077933007,447-854847,WORCESTER POLYTECH 07 MORGAN H,INSTITUTE RD,WORCESTER,MA,01609-2247,LTT,LEOMINSTER TRANSFER (MSW),MSW,MSW,433462,20C,E/R,44875.55183,11,2022,2.93,,November, 07 MORGAN H
WM of New England,WORCESTER POLYTECH 04 FOUNDERS - 0018000001VZNgtAAH,EAST DIVISION,80805112002,447-56337,WORCESTER POLYTECH 04 FOUNDERS,BOYNTON ST,WORCESTER,MA,01609-3114,WMI,ECP MILLBURY MSW,MSW,MSW,440123,20C,E/R,44890.36875,11,2022,1.54,,November, 04 FOUNDERS
WM of New England,WORCESTER POLYTECH 10 CAMPUS CENTER - 0018000001VZNgzAAH,EAST DIVISION,81236882007,447-792129,WORCESTER POLYTECH 10 CAMPUS C,INSTITUTE RD,WORCESTER,MA,01609-2280,WMI,ECP MILLBURY MSW,MSW,MSW,440153,30C,E/R,44890.17847,11,2022,3.68,,November, 10 CAMPUS C
WM of New England,WORCESTER POLYTECH 10 CAMPUS CENTER SSRY - 0018000001VZNh3AAH,EAST DIVISION,181098653008,447-853772,WORCESTER POLYTECH 10 CAMPUS C,INSTITUTE RD,WORCESTER,MA,01609-2247,LSS,LEOMINSTER SINGLE STREAM,COMMINGLED & NEWSPAPER,RECYCLING,440154,Y35,E/R,44890.25347,11,2022,1.3,,November, 10 CAMPUS C
WM of New England,WORCESTER POLYTECH 07 MORGAN HALL - 0018000001WxuWCAAZ,EAST DIVISION,188077933007,447-854847,WORCESTER POLYTECH 07 MORGAN H,INSTITUTE RD,WORCESTER,MA,01609-2247,WMI,ECP MILLBURY MSW,MSW,MSW,440155,20C,E/R,44890.41667,11,2022,2.51,,November, 07 MORGAN H
WM of New England,WORCESTER POLYTECH 10 CAMPUS CENTER - 0018000001VZNgzAAH,EAST DIVISION,81236882007,447-792129,WORCESTER POLYTECH 10 CAMPUS C,INSTITUTE RD,WORCESTER,MA,01609-2280,WMI,ECP MILLBURY MSW,MSW,MSW,436603,30C,E/R,44882.19167,11,2022,4.52,,November, 10 CAMPUS C
WM of New England,WORCESTER POLYTECH 09 - 0018000001Vf9IpAAJ,EAST DIVISION,148114312007,447-832265,WORCESTER POLYTECH 09 EAST HAL,BOYNTON ST,WORCESTER,MA,01609-3114,WMI,ECP MILLBURY MSW,MSW,MSW,426419,20C,E/R,44872.22639,11,2022,2.57,,November, 09 EAST HAL
WM of New England,WORCESTER POLYTECH 01 MORGAN HALL - 0018000001VZNguAAH,EAST DIVISION,80805102004,447-56329,WORCESTER POLYTECH 01 MORGAN H,INSTITUTE RD,WORCESTER,MA,01609-2247,LSS,LEOMINSTER SINGLE STREAM,COMMINGLED & NEWSPAPER,RECYCLING,433459,Y30,E/R,44875.6,11,2022,1.54,,November, 01 MORGAN H
WM of New England,WORCESTER POLYTECH 04 FOUNDERS - 0018000001VZNgtAAH,EAST DIVISION,80805112002,447-56337,WORCESTER POLYTECH 04 FOUNDERS,BOYNTON ST,WORCESTER,MA,01609-3114,WMI,ECP MILLBURY MSW,MSW,MSW,436572,20C,E/R,44882.43333,11,2022,1.49,,November, 04 FOUNDERS
WM of New England,WORCESTER POLYTECH 06 SALISBURY - 0018000001VZNhBAAX,EAST DIVISION,80805122000,447-56418,WORCESTER POLYTECH 06 SALISBUR,INSTITUTE RD SALISBURY,WORCESTER,MA,01609-2280,WMI,ECP MILLBURY MSW,MSW,MSW,430170,30C,E/R,44868.34653,11,2022,3.51,,November, 06 SALISBUR
WM of New England,WORCESTER POLYTECH 07 MORGAN HALL - 0018000001WxuWCAAZ,EAST DIVISION,188077933007,447-854847,WORCESTER POLYTECH 07 MORGAN H,INSTITUTE RD,WORCESTER,MA,01609-2247,WMI,ECP MILLBURY MSW,MSW,MSW,430169,20C,E/R,44868.49167,11,2022,2.89,,November, 07 MORGAN H
WM of New England,WORCESTER POLYTECH 06 SALISBURY - 0018000001VZNhBAAX,EAST DIVISION,80805122000,447-56418,WORCESTER POLYTECH 06 SALISBUR,INSTITUTE RD SALISBURY,WORCESTER,MA,01609-2280,WMI,ECP MILLBURY MSW,MSW,MSW,440156,30C,E/R,44890.32014,11,2022,3.07,,November, 06 SALISBUR
WM of New England,WORCESTER POLYTECH 07 MORGAN HALL - 0018000001WxuWCAAZ,EAST DIVISION,188077933007,447-854847,WORCESTER POLYTECH 07 MORGAN H,INSTITUTE RD,WORCESTER,MA,01609-2247,LTT,LEOMINSTER TRANSFER (MSW),MSW,MSW,436605,20C,E/R,44882.55556,11,2022,3.0,,November, 07 MORGAN H
WM of New England,WORCESTER POLYTECH 01 MORGAN HALL - 0018000001VZNguAAH,EAST DIVISION,80805102004,447-56329,WORCESTER POLYTECH 01 MORGAN H,INSTITUTE RD,WORCESTER,MA,01609-2247,LSS,LEOMINSTER SINGLE STREAM,COMMINGLED & NEWSPAPER,RECYCLING,440152,Y30,E/R,44890.46528,11,2022,1.32,,November, 01 MORGAN H
WM of New England,WORCESTER POLYTECH 03 FARADAY HALL - 0018000001Vf9IrAAJ,EAST DIVISION,127928563002,447-845245,WORCESTER POLYTECH 03 FARADAY,FARADAY ST,WORCESTER,MA,01605-2602,WMI,ECP MILLBURY MSW,MSW,MSW,434919,35C,E/R,44879.60833,11,2022,8.63,,November, 03 FARADAY
WM of New England,WORCESTER POLYTECH 10 CAMPUS CENTER SSRY - 0018000001VZNh3AAH,EAST DIVISION,181098653008,447-853772,WORCESTER POLYTECH 10 CAMPUS C,INSTITUTE RD,WORCESTER,MA,01609-2247,LSS,LEOMINSTER SINGLE STREAM,COMMINGLED & NEWSPAPER,RECYCLING,433461,Y35,E/R,44875.34792,11,2022,1.55,,November, 10 CAMPUS C
WM of New England,WORCESTER POLYTECH 10 CAMPUS CENTER SSRY - 0018000001VZNh3AAH,EAST DIVISION,181098653008,447-853772,WORCESTER POLYTECH 10 CAMPUS C,INSTITUTE RD,WORCESTER,MA,01609-2247,LSS,LEOMINSTER SINGLE STREAM,COMMINGLED & NEWSPAPER,RECYCLING,436604,Y35,E/R,44882.25,11,2022,1.59,,November, 10 CAMPUS C
WM of New England,WORCESTER POLYTECH 10 CAMPUS CENTER SSRY - 0018000001VZNh3AAH,EAST DIVISION,181098653008,447-853772,WORCESTER POLYTECH 10 CAMPUS C,INSTITUTE RD,WORCESTER,MA,01609-2247,LSS,LEOMINSTER SINGLE STREAM,COMMINGLED & NEWSPAPER,RECYCLING,430168,Y35,E/R,44868.28611,11,2022,1.43,,November, 10 CAMPUS C
WM of New England,WORCESTER POLYTECH 10 CAMPUS CENTER - 0018000001VZNgzAAH,EAST DIVISION,81236882007,447-792129,WORCESTER POLYTECH 10 CAMPUS C,INSTITUTE RD,WORCESTER,MA,01609-2280,WMI,ECP MILLBURY MSW,MSW,MSW,433460,30C,E/R,44875.27022,11,2022,3.93,,November, 10 CAMPUS C
WM of New England,WORCESTER POLYTECH 10 CAMPUS CENTER SSRY - 0018000001VZNh3AAH,EAST DIVISION,181098653008,447-853772,WORCESTER POLYTECH 10 CAMPUS C,INSTITUTE RD,WORCESTER,MA,01609-2247,LSS,LEOMINSTER SINGLE STREAM,COMMINGLED & NEWSPAPER,RECYCLING,445920,Y35,E/R,44903.27708,12,2022,1.45,,December, 10 CAMPUS C
WM of New England,WORCESTER POLYTECH 10 CAMPUS CENTER - 0018000001VZNgzAAH,EAST DIVISION,81236882007,447-792129,WORCESTER POLYTECH 10 CAMPUS C,INSTITUTE RD,WORCESTER,MA,01609-2280,WMI,ECP MILLBURY MSW,MSW,MSW,452035,30C,E/R,44917.19931,12,2022,2.53,,December, 10 CAMPUS C
WM of New England,WORCESTER POLYTECH 10 CAMPUS CENTER SSRY - 0018000001VZNh3AAH,EAST DIVISION,181098653008,447-853772,WORCESTER POLYTECH 10 CAMPUS C,INSTITUTE RD,WORCESTER,MA,01609-2247,LSS,LEOMINSTER SINGLE STREAM,COMMINGLED & NEWSPAPER,RECYCLING,454600,Y35,E/R,44924.33333,12,2022,0.14,,December, 10 CAMPUS C
WM of New England,WORCESTER POLYTECH 09 - 0018000001Vf9IpAAJ,EAST DIVISION,148114312007,447-832265,WORCESTER POLYTECH 09 EAST HAL,BOYNTON ST,WORCESTER,MA,01609-3114,WMI,ECP MILLBURY MSW,MSW,MSW,441762,20C,E/R,44901.2,12,2022,1.75,,December, 09 EAST HAL
WM of New England,WORCESTER POLYTECH 07 MORGAN HALL - 0018000001WxuWCAAZ,EAST DIVISION,188077933007,447-854847,WORCESTER POLYTECH 07 MORGAN H,INSTITUTE RD,WORCESTER,MA,01609-2247,LTT,LEOMINSTER TRANSFER (MSW),MSW,MSW,445921,20C,E/R,44903.475,12,2022,3.58,,December, 07 MORGAN H
WM of New England,WORCESTER POLYTECH 10 CAMPUS CENTER SSRY - 0018000001VZNh3AAH,EAST DIVISION,181098653008,447-853772,WORCESTER POLYTECH 10 CAMPUS C,INSTITUTE RD,WORCESTER,MA,01609-2247,LSS,LEOMINSTER SINGLE STREAM,COMMINGLED & NEWSPAPER,RECYCLING,448967,Y35,E/R,44910.29167,12,2022,1.32,,December, 10 CAMPUS C
WM of New England,WORCESTER POLYTECH 06 SALISBURY - 0018000001VZNhBAAX,EAST DIVISION,80805122000,447-56418,WORCESTER POLYTECH 06 SALISBUR,INSTITUTE RD SALISBURY,WORCESTER,MA,01609-2280,LTT,LEOMINSTER TRANSFER (MSW),MSW,MSW,454602,30C,E/R,44924.39998,12,2022,1.25,,December, 06 SALISBUR
WM of New England,WORCESTER POLYTECH 10 CAMPUS CENTER SSRY - 0018000001VZNh3AAH,EAST DIVISION,181098653008,447-853772,WORCESTER POLYTECH 10 CAMPUS C,INSTITUTE RD,WORCESTER,MA,01609-2247,LSS,LEOMINSTER SINGLE STREAM,COMMINGLED & NEWSPAPER,RECYCLING,442785,Y35,E/R,44896.26736,12,2022,0.86,,December, 10 CAMPUS C
WM of New England,WORCESTER POLYTECH 01 MORGAN HALL - 0018000001VZNguAAH,EAST DIVISION,80805102004,447-56329,WORCESTER POLYTECH 01 MORGAN H,INSTITUTE RD,WORCESTER,MA,01609-2247,LSS,LEOMINSTER SINGLE STREAM,COMMINGLED & NEWSPAPER,RECYCLING,445918,Y30,E/R,44903.54444,12,2022,1.18,,December, 01 MORGAN H
WM of New England,WORCESTER POLYTECH 04 FOUNDERS - 0018000001VZNgtAAH,EAST DIVISION,80805112002,447-56337,WORCESTER POLYTECH 04 FOUNDERS,BOYNTON ST,WORCESTER,MA,01609-3114,WMI,ECP MILLBURY MSW,MSW,MSW,442751,20C,E/R,44896.38264,12,2022,1.01,,December, 04 FOUNDERS
WM of New England,WORCESTER POLYTECH 04 FOUNDERS - 0018000001VZNgtAAH,EAST DIVISION,80805112002,447-56337,WORCESTER POLYTECH 04 FOUNDERS,BOYNTON ST,WORCESTER,MA,01609-3114,LTT,LEOMINSTER TRANSFER (MSW),MSW,MSW,454567,20C,E/R,44924.46111,12,2022,0.28,,December, 04 FOUNDERS
WM of New England,WORCESTER POLYTECH 07 MORGAN HALL - 0018000001WxuWCAAZ,EAST DIVISION,188077933007,447-854847,WORCESTER POLYTECH 07 MORGAN H,INSTITUTE RD,WORCESTER,MA,01609-2247,WMI,ECP MILLBURY MSW,MSW,MSW,448968,20C,E/R,44910.49514,12,2022,2.67,,December, 07 MORGAN H
WM of New England,WORCESTER POLYTECH 04 FOUNDERS - 0018000001VZNgtAAH,EAST DIVISION,80805112002,447-56337,WORCESTER POLYTECH 04 FOUNDERS,BOYNTON ST,WORCESTER,MA,01609-3114,WMI,ECP MILLBURY MSW,MSW,MSW,445889,20C,E/R,44903.39306,12,2022,1.65,,December, 04 FOUNDERS
WM of New England,WORCESTER POLYTECH 10 CAMPUS CENTER - 0018000001VZNgzAAH,EAST DIVISION,81236882007,447-792129,WORCESTER POLYTECH 10 CAMPUS C,INSTITUTE RD,WORCESTER,MA,01609-2280,WMI,ECP MILLBURY MSW,MSW,MSW,445919,30C,E/R,44903.19375,12,2022,4.46,,December, 10 CAMPUS C
WM of New England,WORCESTER POLYTECH 06 SALISBURY - 0018000001VZNhBAAX,EAST DIVISION,80805122000,447-56418,WORCESTER POLYTECH 06 SALISBUR,INSTITUTE RD SALISBURY,WORCESTER,MA,01609-2280,WMI,ECP MILLBURY MSW,MSW,MSW,445922,30C,E/R,44903.34861,12,2022,4.32,,December, 06 SALISBUR
WM of New England,WORCESTER POLYTECH 01 MORGAN HALL - 0018000001VZNguAAH,EAST DIVISION,80805102004,447-56329,WORCESTER POLYTECH 01 MORGAN H,INSTITUTE RD,WORCESTER,MA,01609-2247,LSS,LEOMINSTER SINGLE STREAM,COMMINGLED & NEWSPAPER,RECYCLING,452034,Y30,E/R,44917.55278,12,2022,0.89,,December, 01 MORGAN H
WM of New England,WORCESTER POLYTECH 06 SALISBURY - 0018000001VZNhBAAX,EAST DIVISION,80805122000,447-56418,WORCESTER POLYTECH 06 SALISBUR,INSTITUTE RD SALISBURY,WORCESTER,MA,01609-2280,WMI,ECP MILLBURY MSW,MSW,MSW,442787,30C,E/R,44896.32708,12,2022,2.09,,December, 06 SALISBUR
WM of New England,WORCESTER POLYTECH 10 CAMPUS CENTER - 0018000001VZNgzAAH,EAST DIVISION,81236882007,447-792129,WORCESTER POLYTECH 10 CAMPUS C,INSTITUTE RD,WORCESTER,MA,01609-2280,WMI,ECP MILLBURY MSW,MSW,MSW,442784,30C,E/R,44896.19375,12,2022,2.39,,December, 10 CAMPUS C
WM of New England,WORCESTER POLYTECH 04 FOUNDERS - 0018000001VZNgtAAH,EAST DIVISION,80805112002,447-56337,WORCESTER POLYTECH 04 FOUNDERS,BOYNTON ST,WORCESTER,MA,01609-3114,WMI,ECP MILLBURY MSW,MSW,MSW,452005,20C,E/R,44917.42639,12,2022,1.27,,December, 04 FOUNDERS
WM of New England,WORCESTER POLYTECH 08 RECYCLE - 0018000001VZNhCAAX,EAST DIVISION,80840682009,447-195485,WORCESTER POLYTECH 08 RECYCLE,INSTITUTE RD,WORCESTER,MA,01609-2247,LSS,LEOMINSTER SINGLE STREAM,SINGLE STREAM RECYCLE,RECYCLING,447396,46C,E/R,44907.28056,12,2022,5.53,,December, 08 RECYCLE
WM of New England,WORCESTER POLYTECH 07 MORGAN HALL - 0018000001WxuWCAAZ,EAST DIVISION,188077933007,447-854847,WORCESTER POLYTECH 07 MORGAN H,INSTITUTE RD,WORCESTER,MA,01609-2247,WMI,ECP MILLBURY MSW,MSW,MSW,452037,20C,E/R,44917.49931,12,2022,1.71,,December, 07 MORGAN H
WM of New England,WORCESTER POLYTECH 10 CAMPUS CENTER - 0018000001VZNgzAAH,EAST DIVISION,81236882007,447-792129,WORCESTER POLYTECH 10 CAMPUS C,INSTITUTE RD,WORCESTER,MA,01609-2280,WMI,ECP MILLBURY MSW,MSW,MSW,448966,30C,E/R,44910.19028,12,2022,4.34,,December, 10 CAMPUS C
WM of New England,WORCESTER POLYTECH 04 FOUNDERS - 0018000001VZNgtAAH,EAST DIVISION,80805112002,447-56337,WORCESTER POLYTECH 04 FOUNDERS,BOYNTON ST,WORCESTER,MA,01609-3114,WMI,ECP MILLBURY MSW,MSW,MSW,448935,20C,E/R,44910.43194,12,2022,1.11,,December, 04 FOUNDERS
WM of New England,WORCESTER POLYTECH 06 SALISBURY - 0018000001VZNhBAAX,EAST DIVISION,80805122000,447-56418,WORCESTER POLYTECH 06 SALISBUR,INSTITUTE RD SALISBURY,WORCESTER,MA,01609-2280,WMI,ECP MILLBURY MSW,MSW,MSW,448969,30C,E/R,44910.36736,12,2022,2.76,,December, 06 SALISBUR
WM of New England,WORCESTER POLYTECH 10 CAMPUS CENTER - 0018000001VZNgzAAH,EAST DIVISION,81236882007,447-792129,WORCESTER POLYTECH 10 CAMPUS C,INSTITUTE RD,WORCESTER,MA,01609-2280,LTT,LEOMINSTER TRANSFER (MSW),MSW,MSW,454599,30C,E/R,44924.25,12,2022,0.71,,December, 10 CAMPUS C
WM of New England,WORCESTER POLYTECH 07 MORGAN HALL - 0018000001WxuWCAAZ,EAST DIVISION,188077933007,447-854847,WORCESTER POLYTECH 07 MORGAN H,INSTITUTE RD,WORCESTER,MA,01609-2247,WMI,ECP MILLBURY MSW,MSW,MSW,442786,20C,E/R,44896.43611,12,2022,1.85,,December, 07 MORGAN H
WM of New England,WORCESTER POLYTECH 06 SALISBURY - 0018000001VZNhBAAX,EAST DIVISION,80805122000,447-56418,WORCESTER POLYTECH 06 SALISBUR,INSTITUTE RD SALISBURY,WORCESTER,MA,01609-2280,WMI,ECP MILLBURY MSW,MSW,MSW,452038,30C,E/R,44917.35,12,2022,3.33,,December, 06 SALISBUR
WM of New England,WORCESTER POLYTECH 07 MORGAN HALL - 0018000001WxuWCAAZ,EAST DIVISION,188077933007,447-854847,WORCESTER POLYTECH 07 MORGAN H,INSTITUTE RD,WORCESTER,MA,01609-2247,,UNDEFINED,UNDEFINED,MSW,454601,TRF,TRP,44924.52778,12,2022,0.0,,December, 07 MORGAN H
WM of New England,WORCESTER POLYTECH 12 RECYCLE - 0018000001VZNh9AAH,EAST DIVISION,141217982004,447-827458,WORCESTER POLYTECH 12 RECYCLE,PRESCOTT ST,WORCESTER,MA,01605-2661,LSS,LEOMINSTER SINGLE STREAM,COMINGLED,RECYCLING,448557,42Y,E/R,44910.53819,12,2022,4.84,,December, 12 RECYCLE
WM of New England,WORCESTER POLYTECH 10 CAMPUS CENTER SSRY - 0018000001VZNh3AAH,EAST DIVISION,181098653008,447-853772,WORCESTER POLYTECH 10 CAMPUS C,INSTITUTE RD,WORCESTER,MA,01609-2247,LSS,LEOMINSTER SINGLE STREAM,COMMINGLED & NEWSPAPER,RECYCLING,452036,Y35,E/R,44917.28125,12,2022,0.73,,December, 10 CAMPUS C
WM of New England,WORCESTER POLYTECH 06 SALISBURY - 0018000001VZNhBAAX,EAST DIVISION,80805122000,447-56418,WORCESTER POLYTECH 06 SALISBUR,INSTITUTE RD SALISBURY,WORCESTER,MA,01609-2280,WMI,ECP MILLBURY MSW,MSW,MSW,460452,30C,E/R,44938.34653,1,2023,1.89,,January, 06 SALISBUR
WM of New England,WORCESTER POLYTECH 10 CAMPUS CENTER SSRY - 0018000001VZNh3AAH,EAST DIVISION,181098653008,447-853772,WORCESTER POLYTECH 10 CAMPUS C,INSTITUTE RD,WORCESTER,MA,01609-2247,LSS,LEOMINSTER SINGLE STREAM,COMMINGLED & NEWSPAPER,RECYCLING,460450,Y35,E/R,44938.2875,1,2023,1.06,,January, 10 CAMPUS C
WM of New England,WORCESTER POLYTECH 04 FOUNDERS - 0018000001VZNgtAAH,EAST DIVISION,80805112002,447-56337,WORCESTER POLYTECH 04 FOUNDERS,BOYNTON ST,WORCESTER,MA,01609-3114,WMI,ECP MILLBURY MSW,MSW,MSW,463159,20C,E/R,44945.38819,1,2023,1.49,,January, 04 FOUNDERS
WM of New England,WORCESTER POLYTECH 07 MORGAN HALL - 0018000001WxuWCAAZ,EAST DIVISION,188077933007,447-854847,WORCESTER POLYTECH 07 MORGAN H,INSTITUTE RD,WORCESTER,MA,01609-2247,WMI,ECP MILLBURY MSW,MSW,MSW,460451,20C,E/R,44938.45833,1,2023,1.76,,January, 07 MORGAN H
WM of New England,WORCESTER POLYTECH 09 - 0018000001Vf9IpAAJ,EAST DIVISION,148114312007,447-832265,WORCESTER POLYTECH 09 EAST HAL,BOYNTON ST,WORCESTER,MA,01609-3114,WMI,ECP MILLBURY MSW,MSW,MSW,466169,20C,E/R,44952.47361,1,2023,1.23,,January, 09 EAST HAL
WM of New England,WORCESTER POLYTECH 03 FARADAY HALL - 0018000001Vf9IrAAJ,EAST DIVISION,127928563002,447-845245,WORCESTER POLYTECH 03 FARADAY,FARADAY ST,WORCESTER,MA,01605-2602,WMI,ECP MILLBURY MSW,MSW,MSW,468456,35C,E/R,44957.53819,1,2023,8.75,,January, 03 FARADAY
WM of New England,WORCESTER POLYTECH 10 CAMPUS CENTER - 0018000001VZNgzAAH,EAST DIVISION,81236882007,447-792129,WORCESTER POLYTECH 10 CAMPUS C,INSTITUTE RD,WORCESTER,MA,01609-2280,WMI,ECP MILLBURY MSW,MSW,MSW,457352,30C,E/R,44931.18958,1,2023,0.62,,January, 10 CAMPUS C
WM of New England,WORCESTER POLYTECH 07 MORGAN HALL - 0018000001WxuWCAAZ,EAST DIVISION,188077933007,447-854847,WORCESTER POLYTECH 07 MORGAN H,INSTITUTE RD,WORCESTER,MA,01609-2247,WMI,ECP MILLBURY MSW,MSW,MSW,465922,20C,E/R,44952.47222,1,2023,2.97,,January, 07 MORGAN H
WM of New England,WORCESTER POLYTECH 10 CAMPUS CENTER SSRY - 0018000001VZNh3AAH,EAST DIVISION,181098653008,447-853772,WORCESTER POLYTECH 10 CAMPUS C,INSTITUTE RD,WORCESTER,MA,01609-2247,LSS,LEOMINSTER SINGLE STREAM,COMMINGLED & NEWSPAPER,RECYCLING,457353,Y35,E/R,44931.25556,1,2023,0.6,,January, 10 CAMPUS C
WM of New England,WORCESTER POLYTECH 06 SALISBURY - 0018000001VZNhBAAX,EAST DIVISION,80805122000,447-56418,WORCESTER POLYTECH 06 SALISBUR,INSTITUTE RD SALISBURY,WORCESTER,MA,01609-2280,WMI,ECP MILLBURY MSW,MSW,MSW,463192,30C,E/R,44945.33264,1,2023,2.72,,January, 06 SALISBUR
WM of New England,WORCESTER POLYTECH 10 CAMPUS CENTER SSRY - 0018000001VZNh3AAH,EAST DIVISION,181098653008,447-853772,WORCESTER POLYTECH 10 CAMPUS C,INSTITUTE RD,WORCESTER,MA,01609-2247,LSS,LEOMINSTER SINGLE STREAM,COMMINGLED & NEWSPAPER,RECYCLING,465921,Y35,E/R,44952.27639,1,2023,1.57,,January, 10 CAMPUS C
WM of New England,WORCESTER POLYTECH 10 CAMPUS CENTER - 0018000001VZNgzAAH,EAST DIVISION,81236882007,447-792129,WORCESTER POLYTECH 10 CAMPUS C,INSTITUTE RD,WORCESTER,MA,01609-2280,WMI,ECP MILLBURY MSW,MSW,MSW,460449,30C,E/R,44938.19514,1,2023,2.47,,January, 10 CAMPUS C
WM of New England,WORCESTER POLYTECH 01 MORGAN HALL - 0018000001VZNguAAH,EAST DIVISION,80805102004,447-56329,WORCESTER POLYTECH 01 MORGAN H,INSTITUTE RD,WORCESTER,MA,01609-2247,LSS,LEOMINSTER SINGLE STREAM,COMMINGLED & NEWSPAPER,RECYCLING,457351,Y30,E/R,44931.47431,1,2023,0.04,,January, 01 MORGAN H
WM of New England,WORCESTER POLYTECH 10 CAMPUS CENTER SSRY - 0018000001VZNh3AAH,EAST DIVISION,181098653008,447-853772,WORCESTER POLYTECH 10 CAMPUS C,INSTITUTE RD,WORCESTER,MA,01609-2247,LSS,LEOMINSTER SINGLE STREAM,COMMINGLED & NEWSPAPER,RECYCLING,463190,Y35,E/R,44945.27778,1,2023,1.07,,January, 10 CAMPUS C
WM of New England,WORCESTER POLYTECH 03 FARADAY HALL - 0018000001Vf9IrAAJ,EAST DIVISION,127928563002,447-845245,WORCESTER POLYTECH 03 FARADAY,FARADAY ST,WORCESTER,MA,01605-2602,,UNDEFINED,UNDEFINED,MSW,467908,TRF,TRP,44957.24653,1,2023,0.0,,January, 03 FARADAY
WM of New England,WORCESTER POLYTECH 07 MORGAN HALL - 0018000001WxuWCAAZ,EAST DIVISION,188077933007,447-854847,WORCESTER POLYTECH 07 MORGAN H,INSTITUTE RD,WORCESTER,MA,01609-2247,WMI,ECP MILLBURY MSW,MSW,MSW,457354,20C,E/R,44931.42917,1,2023,0.92,,January, 07 MORGAN H
WM of New England,WORCESTER POLYTECH 07 MORGAN HALL - 0018000001WxuWCAAZ,EAST DIVISION,188077933007,447-854847,WORCESTER POLYTECH 07 MORGAN H,INSTITUTE RD,WORCESTER,MA,01609-2247,WMI,ECP MILLBURY MSW,MSW,MSW,463191,20C,E/R,44945.47292,1,2023,2.41,,January, 07 MORGAN H
WM of New England,WORCESTER POLYTECH 10 CAMPUS CENTER - 0018000001VZNgzAAH,EAST DIVISION,81236882007,447-792129,WORCESTER POLYTECH 10 CAMPUS C,INSTITUTE RD,WORCESTER,MA,01609-2280,WMI,ECP MILLBURY MSW,MSW,MSW,465920,30C,E/R,44952.20833,1,2023,3.73,,January, 10 CAMPUS C
WM of New England,WORCESTER POLYTECH 04 FOUNDERS - 0018000001VZNgtAAH,EAST DIVISION,80805112002,447-56337,WORCESTER POLYTECH 04 FOUNDERS,BOYNTON ST,WORCESTER,MA,01609-3114,WMI,ECP MILLBURY MSW,MSW,MSW,457324,20C,E/R,44931.37361,1,2023,0.2,,January, 04 FOUNDERS
WM of New England,WORCESTER POLYTECH 04 FOUNDERS - 0018000001VZNgtAAH,EAST DIVISION,80805112002,447-56337,WORCESTER POLYTECH 04 FOUNDERS,BOYNTON ST,WORCESTER,MA,01609-3114,WMI,ECP MILLBURY MSW,MSW,MSW,465884,20C,E/R,44952.4,1,2023,1.57,,January, 04 FOUNDERS
WM of New England,WORCESTER POLYTECH 06 SALISBURY - 0018000001VZNhBAAX,EAST DIVISION,80805122000,447-56418,WORCESTER POLYTECH 06 SALISBUR,INSTITUTE RD SALISBURY,WORCESTER,MA,01609-2280,WMI,ECP MILLBURY MSW,MSW,MSW,457355,30C,E/R,44931.33125,1,2023,1.13,,January, 06 SALISBUR
WM of New England,WORCESTER POLYTECH 06 SALISBURY - 0018000001VZNhBAAX,EAST DIVISION,80805122000,447-56418,WORCESTER POLYTECH 06 SALISBUR,INSTITUTE RD SALISBURY,WORCESTER,MA,01609-2280,WMI,ECP MILLBURY MSW,MSW,MSW,465923,30C,E/R,44952.35,1,2023,2.73,,January, 06 SALISBUR
WM of New England,WORCESTER POLYTECH 10 CAMPUS CENTER - 0018000001VZNgzAAH,EAST DIVISION,81236882007,447-792129,WORCESTER POLYTECH 10 CAMPUS C,INSTITUTE RD,WORCESTER,MA,01609-2280,WMI,ECP MILLBURY MSW,MSW,MSW,463189,30C,E/R,44945.19236,1,2023,3.42,,January, 10 CAMPUS C
WM of New England,WORCESTER POLYTECH 09 - 0018000001Vf9IpAAJ,EAST DIVISION,148114312007,447-832265,WORCESTER POLYTECH 09 EAST HAL,BOYNTON ST,WORCESTER,MA,01609-3114,WMI,ECP MILLBURY MSW,MSW,MSW,458753,20C,E/R,44936.52639,1,2023,1.82,,January, 09 EAST HAL
WM of New England,WORCESTER POLYTECH 04 FOUNDERS - 0018000001VZNgtAAH,EAST DIVISION,80805112002,447-56337,WORCESTER POLYTECH 04 FOUNDERS,BOYNTON ST,WORCESTER,MA,01609-3114,WMI,ECP MILLBURY MSW,MSW,MSW,460418,20C,E/R,44938.39583,1,2023,0.94,,January, 04 FOUNDERS
WM of New England,WORCESTER POLYTECH 08 RECYCLE - 0018000001VZNhCAAX,EAST DIVISION,80840682009,447-195485,WORCESTER POLYTECH 08 RECYCLE,INSTITUTE RD,WORCESTER,MA,01609-2247,LSS,LEOMINSTER SINGLE STREAM,SINGLE STREAM RECYCLE,RECYCLING,464702,46C,E/R,44950.24861,1,2023,6.4,,January, 08 RECYCLE
WM of New England,WORCESTER POLYTECH 01 MORGAN HALL - 0018000001VZNguAAH,EAST DIVISION,80805102004,447-56329,WORCESTER POLYTECH 01 MORGAN H,INSTITUTE RD,WORCESTER,MA,01609-2247,LSS,LEOMINSTER SINGLE STREAM,COMMINGLED & NEWSPAPER,RECYCLING,463188,Y30,E/R,44945.51458,1,2023,1.2,,January, 01 MORGAN H
WM of New England,WORCESTER POLYTECH 10 CAMPUS CENTER - 0018000001VZNgzAAH,EAST DIVISION,81236882007,447-792129,WORCESTER POLYTECH 10 CAMPUS C,INSTITUTE RD,WORCESTER,MA,01609-2280,WMI,ECP MILLBURY MSW,MSW,MSW,471793,30C,E/R,44966.34583,2,2023,3.78,,February, 10 CAMPUS C
WM of New England,WORCESTER POLYTECH 10 CAMPUS CENTER SSRY - 0018000001VZNh3AAH,EAST DIVISION,181098653008,447-853772,WORCESTER POLYTECH 10 CAMPUS C,INSTITUTE RD,WORCESTER,MA,01609-2247,LSS,LEOMINSTER SINGLE STREAM,COMMINGLED & NEWSPAPER,RECYCLING,474813,Y35,E/R,44973.28264,2,2023,1.21,,February, 10 CAMPUS C
WM of New England,WORCESTER POLYTECH 06 SALISBURY - 0018000001VZNhBAAX,EAST DIVISION,80805122000,447-56418,WORCESTER POLYTECH 06 SALISBUR,INSTITUTE RD SALISBURY,WORCESTER,MA,01609-2280,LTT,LEOMINSTER TRANSFER (MSW),MSW,MSW,477648,30C,E/R,44980.32778,2,2023,3.13,,February, 06 SALISBUR
WM of New England,WORCESTER POLYTECH 01 MORGAN HALL - 0018000001VZNguAAH,EAST DIVISION,80805102004,447-56329,WORCESTER POLYTECH 01 MORGAN H,INSTITUTE RD,WORCESTER,MA,01609-2247,LSS,LEOMINSTER SINGLE STREAM,COMMINGLED & NEWSPAPER,RECYCLING,474811,Y30,E/R,44973.5125,2,2023,1.54,,February, 01 MORGAN H
WM of New England,WORCESTER POLYTECH 04 FOUNDERS - 0018000001VZNgtAAH,EAST DIVISION,80805112002,447-56337,WORCESTER POLYTECH 04 FOUNDERS,BOYNTON ST,WORCESTER,MA,01609-3114,WMI,ECP MILLBURY MSW,MSW,MSW,468822,20C,E/R,44959.41042,2,2023,1.88,,February, 04 FOUNDERS
WM of New England,WORCESTER POLYTECH 06 SALISBURY - 0018000001VZNhBAAX,EAST DIVISION,80805122000,447-56418,WORCESTER POLYTECH 06 SALISBUR,INSTITUTE RD SALISBURY,WORCESTER,MA,01609-2280,WMI,ECP MILLBURY MSW,MSW,MSW,468853,30C,E/R,44959.33611,2,2023,2.53,,February, 06 SALISBUR
WM of New England,WORCESTER POLYTECH 07 MORGAN HALL - 0018000001WxuWCAAZ,EAST DIVISION,188077933007,447-854847,WORCESTER POLYTECH 07 MORGAN H,INSTITUTE RD,WORCESTER,MA,01609-2247,LTT,LEOMINSTER TRANSFER (MSW),MSW,MSW,477647,20C,E/R,44980.44028,2,2023,2.64,,February, 07 MORGAN H
WM of New England,WORCESTER POLYTECH 06 SALISBURY - 0018000001VZNhBAAX,EAST DIVISION,80805122000,447-56418,WORCESTER POLYTECH 06 SALISBUR,INSTITUTE RD SALISBURY,WORCESTER,MA,01609-2280,WMI,ECP MILLBURY MSW,MSW,MSW,474815,30C,E/R,44973.34931,2,2023,2.58,,February, 06 SALISBUR
WM of New England,WORCESTER POLYTECH 10 CAMPUS CENTER SSRY - 0018000001VZNh3AAH,EAST DIVISION,181098653008,447-853772,WORCESTER POLYTECH 10 CAMPUS C,INSTITUTE RD,WORCESTER,MA,01609-2247,BFC,COMM/DUAL STREAM CONTAINERS,COMMINGLED & NEWSPAPER,RECYCLING,471794,Y35,E/R,44966.43214,2,2023,1.2,,February, 10 CAMPUS C
WM of New England,WORCESTER POLYTECH 07 MORGAN HALL - 0018000001WxuWCAAZ,EAST DIVISION,188077933007,447-854847,WORCESTER POLYTECH 07 MORGAN H,INSTITUTE RD,WORCESTER,MA,01609-2247,WMI,ECP MILLBURY MSW,MSW,MSW,468852,20C,E/R,44959.49444,2,2023,2.57,,February, 07 MORGAN H
WM of New England,WORCESTER POLYTECH 10 CAMPUS CENTER - 0018000001VZNgzAAH,EAST DIVISION,81236882007,447-792129,WORCESTER POLYTECH 10 CAMPUS C,INSTITUTE RD,WORCESTER,MA,01609-2280,WMI,ECP MILLBURY MSW,MSW,MSW,468850,30C,E/R,44959.19236,2,2023,3.69,,February, 10 CAMPUS C
WM of New England,WORCESTER POLYTECH 10 CAMPUS CENTER - 0018000001VZNgzAAH,EAST DIVISION,81236882007,447-792129,WORCESTER POLYTECH 10 CAMPUS C,INSTITUTE RD,WORCESTER,MA,01609-2280,WMI,ECP MILLBURY MSW,MSW,MSW,474812,30C,E/R,44973.19306,2,2023,4.36,,February, 10 CAMPUS C
WM of New England,WORCESTER POLYTECH 02 DANIELS - 0018000001VZNh8AAH,EAST DIVISION,80805092006,447-56302,WORCESTER POLYTECH 02 DANIELS,INSTITUTE RD,WORCESTER,MA,01609-2247,WMI,ECP MILLBURY MSW,MSW,MSW,470955,30C,E/R,44964.20134,2,2023,8.25,,February, 02 DANIELS
WM of New England,WORCESTER POLYTECH 07 MORGAN HALL - 0018000001WxuWCAAZ,EAST DIVISION,188077933007,447-854847,WORCESTER POLYTECH 07 MORGAN H,INSTITUTE RD,WORCESTER,MA,01609-2247,WMI,ECP MILLBURY MSW,MSW,MSW,471795,20C,E/R,44966.55833,2,2023,3.05,,February, 07 MORGAN H
WM of New England,WORCESTER POLYTECH 09 - 0018000001Vf9IpAAJ,EAST DIVISION,148114312007,447-832265,WORCESTER POLYTECH 09 EAST HAL,BOYNTON ST,WORCESTER,MA,01609-3114,WMI,ECP MILLBURY MSW,MSW,MSW,472024,20C,E/R,44966.35972,2,2023,1.06,,February, 09 EAST HAL
WM of New England,WORCESTER POLYTECH 10 CAMPUS CENTER SSRY - 0018000001VZNh3AAH,EAST DIVISION,181098653008,447-853772,WORCESTER POLYTECH 10 CAMPUS C,INSTITUTE RD,WORCESTER,MA,01609-2247,LSS,LEOMINSTER SINGLE STREAM,COMMINGLED & NEWSPAPER,RECYCLING,468851,Y35,E/R,44959.26667,2,2023,1.32,,February, 10 CAMPUS C
WM of New England,WORCESTER POLYTECH 04 FOUNDERS - 0018000001VZNgtAAH,EAST DIVISION,80805112002,447-56337,WORCESTER POLYTECH 04 FOUNDERS,BOYNTON ST,WORCESTER,MA,01609-3114,WMI,ECP MILLBURY MSW,MSW,MSW,474781,20C,E/R,44973.39861,2,2023,1.67,,February, 04 FOUNDERS
WM of New England,WORCESTER POLYTECH 10 CAMPUS CENTER - 0018000001VZNgzAAH,EAST DIVISION,81236882007,447-792129,WORCESTER POLYTECH 10 CAMPUS C,INSTITUTE RD,WORCESTER,MA,01609-2280,WMI,ECP MILLBURY MSW,MSW,MSW,477645,30C,E/R,44980.16528,2,2023,4.59,,February, 10 CAMPUS C
WM of New England,WORCESTER POLYTECH 06 SALISBURY - 0018000001VZNhBAAX,EAST DIVISION,80805122000,447-56418,WORCESTER POLYTECH 06 SALISBUR,INSTITUTE RD SALISBURY,WORCESTER,MA,01609-2280,WMI,ECP MILLBURY MSW,MSW,MSW,471796,30C,E/R,44966.48542,2,2023,3.09,,February, 06 SALISBUR
WM of New England,WORCESTER POLYTECH 10 CAMPUS CENTER SSRY - 0018000001VZNh3AAH,EAST DIVISION,181098653008,447-853772,WORCESTER POLYTECH 10 CAMPUS C,INSTITUTE RD,WORCESTER,MA,01609-2247,LSS,LEOMINSTER SINGLE STREAM,COMMINGLED & NEWSPAPER,RECYCLING,477646,Y35,E/R,44980.24236,2,2023,1.47,,February, 10 CAMPUS C
WM of New England,WORCESTER POLYTECH 01 MORGAN HALL - 0018000001VZNguAAH,EAST DIVISION,80805102004,447-56329,WORCESTER POLYTECH 01 MORGAN H,INSTITUTE RD,WORCESTER,MA,01609-2247,LSS,LEOMINSTER SINGLE STREAM,COMMINGLED & NEWSPAPER,RECYCLING,468849,Y30,E/R,44959.56458,2,2023,1.47,,February, 01 MORGAN H
WM of New England,WORCESTER POLYTECH 07 MORGAN HALL - 0018000001WxuWCAAZ,EAST DIVISION,188077933007,447-854847,WORCESTER POLYTECH 07 MORGAN H,INSTITUTE RD,WORCESTER,MA,01609-2247,WMI,ECP MILLBURY MSW,MSW,MSW,474814,20C,E/R,44973.44583,2,2023,2.37,,February, 07 MORGAN H
WM of New England,WORCESTER POLYTECH 04 FOUNDERS - 0018000001VZNgtAAH,EAST DIVISION,80805112002,447-56337,WORCESTER POLYTECH 04 FOUNDERS,BOYNTON ST,WORCESTER,MA,01609-3114,WMI,ECP MILLBURY MSW,MSW,MSW,471762,20C,E/R,44966.27917,2,2023,1.58,,February, 04 FOUNDERS
WM of New England,WORCESTER POLYTECH 04 FOUNDERS - 0018000001VZNgtAAH,EAST DIVISION,80805112002,447-56337,WORCESTER POLYTECH 04 FOUNDERS,BOYNTON ST,WORCESTER,MA,01609-3114,LTT,LEOMINSTER TRANSFER (MSW),MSW,MSW,477609,20C,E/R,44980.38472,2,2023,1.85,,February, 04 FOUNDERS
WM of New England,WORCESTER POLYTECH 06 SALISBURY - 0018000001VZNhBAAX,EAST DIVISION,80805122000,447-56418,WORCESTER POLYTECH 06 SALISBUR,INSTITUTE RD SALISBURY,WORCESTER,MA,01609-2280,WMI,ECP MILLBURY MSW,MSW,MSW,485847,30C,E/R,45002.41389,3,2023,2.29,,March, 06 SALISBUR
WM of New England,WORCESTER POLYTECH 07 MORGAN HALL - 0018000001WxuWCAAZ,EAST DIVISION,188077933007,447-854847,WORCESTER POLYTECH 07 MORGAN H,INSTITUTE RD,WORCESTER,MA,01609-2247,WMI,ECP MILLBURY MSW,MSW,MSW,488679,20C,E/R,45008.47083,3,2023,2.2,,March, 07 MORGAN H
WM of New England,WORCESTER POLYTECH 06 SALISBURY - 0018000001VZNhBAAX,EAST DIVISION,80805122000,447-56418,WORCESTER POLYTECH 06 SALISBUR,INSTITUTE RD SALISBURY,WORCESTER,MA,01609-2280,WMI,ECP MILLBURY MSW,MSW,MSW,491663,30C,E/R,45015.35625,3,2023,2.82,,March, 06 SALISBUR
WM of New England,WORCESTER POLYTECH 04 FOUNDERS - 0018000001VZNgtAAH,EAST DIVISION,80805112002,447-56337,WORCESTER POLYTECH 04 FOUNDERS,BOYNTON ST,WORCESTER,MA,01609-3114,WMI,ECP MILLBURY MSW,MSW,MSW,485816,20C,E/R,45002.47708,3,2023,1.38,,March, 04 FOUNDERS
WM of New England,WORCESTER POLYTECH 10 CAMPUS CENTER SSRY - 0018000001VZNh3AAH,EAST DIVISION,181098653008,447-853772,WORCESTER POLYTECH 10 CAMPUS C,INSTITUTE RD,WORCESTER,MA,01609-2247,LSS,LEOMINSTER SINGLE STREAM,COMMINGLED & NEWSPAPER,RECYCLING,483064,Y35,E/R,44994.27014,3,2023,0.7,,March, 10 CAMPUS C
WM of New England,WORCESTER POLYTECH 10 CAMPUS CENTER - 0018000001VZNgzAAH,EAST DIVISION,81236882007,447-792129,WORCESTER POLYTECH 10 CAMPUS C,INSTITUTE RD,WORCESTER,MA,01609-2280,WMI,ECP MILLBURY MSW,MSW,MSW,483063,30C,E/R,44994.20625,3,2023,1.71,,March, 10 CAMPUS C
WM of New England,WORCESTER POLYTECH 09 - 0018000001Vf9IpAAJ,EAST DIVISION,148114312007,447-832265,WORCESTER POLYTECH 09 EAST HAL,BOYNTON ST,WORCESTER,MA,01609-3114,WMI,ECP MILLBURY MSW,MSW,MSW,486565,20C,E/R,45005.43444,3,2023,0.63,,March, 09 EAST HAL
WM of New England,WORCESTER POLYTECH 04 FOUNDERS - 0018000001VZNgtAAH,EAST DIVISION,80805112002,447-56337,WORCESTER POLYTECH 04 FOUNDERS,BOYNTON ST,WORCESTER,MA,01609-3114,,UNDEFINED,UNDEFINED,MSW,489488,,ZRP,45008.0,3,2023,0.0,,March, 04 FOUNDERS
WM of New England,WORCESTER POLYTECH 06 SALISBURY - 0018000001VZNhBAAX,EAST DIVISION,80805122000,447-56418,WORCESTER POLYTECH 06 SALISBUR,INSTITUTE RD SALISBURY,WORCESTER,MA,01609-2280,WMI,ECP MILLBURY MSW,MSW,MSW,488680,30C,E/R,45008.33125,3,2023,2.02,,March, 06 SALISBUR
WM of New England,WORCESTER POLYTECH 04 FOUNDERS - 0018000001VZNgtAAH,EAST DIVISION,80805112002,447-56337,WORCESTER POLYTECH 04 FOUNDERS,BOYNTON ST,WORCESTER,MA,01609-3114,WMI,ECP MILLBURY MSW,MSW,MSW,488643,20C,E/R,45008.38793,3,2023,0.66,,March, 04 FOUNDERS
WM of New England,WORCESTER POLYTECH 06 SALISBURY - 0018000001VZNhBAAX,EAST DIVISION,80805122000,447-56418,WORCESTER POLYTECH 06 SALISBUR,INSTITUTE RD SALISBURY,WORCESTER,MA,01609-2280,WMI,ECP MILLBURY MSW,MSW,MSW,483066,30C,E/R,44994.33542,3,2023,2.28,,March, 06 SALISBUR
WM of New England,WORCESTER POLYTECH 10 CAMPUS CENTER - 0018000001VZNgzAAH,EAST DIVISION,81236882007,447-792129,WORCESTER POLYTECH 10 CAMPUS C,INSTITUTE RD,WORCESTER,MA,01609-2280,WMI,ECP MILLBURY MSW,MSW,MSW,488677,30C,E/R,45008.20139,3,2023,3.32,,March, 10 CAMPUS C
WM of New England,WORCESTER POLYTECH 07 MORGAN HALL - 0018000001WxuWCAAZ,EAST DIVISION,188077933007,447-854847,WORCESTER POLYTECH 07 MORGAN H,INSTITUTE RD,WORCESTER,MA,01609-2247,WMI,ECP MILLBURY MSW,MSW,MSW,485846,20C,E/R,45002.56319,3,2023,2.36,,March, 07 MORGAN H
WM of New England,WORCESTER POLYTECH 06 SALISBURY - 0018000001VZNhBAAX,EAST DIVISION,80805122000,447-56418,WORCESTER POLYTECH 06 SALISBUR,INSTITUTE RD SALISBURY,WORCESTER,MA,01609-2280,WMI,ECP MILLBURY MSW,MSW,MSW,480362,30C,E/R,44988.31319,3,2023,3.47,,March, 06 SALISBUR
WM of New England,WORCESTER POLYTECH 01 MORGAN HALL - 0018000001VZNguAAH,EAST DIVISION,80805102004,447-56329,WORCESTER POLYTECH 01 MORGAN H,INSTITUTE RD,WORCESTER,MA,01609-2247,LSS,LEOMINSTER SINGLE STREAM,COMMINGLED & NEWSPAPER,RECYCLING,491659,Y30,E/R,45015.52153,3,2023,1.45,,March, 01 MORGAN H
WM of New England,WORCESTER POLYTECH 01 MORGAN HALL - 0018000001VZNguAAH,EAST DIVISION,80805102004,447-56329,WORCESTER POLYTECH 01 MORGAN H,INSTITUTE RD,WORCESTER,MA,01609-2247,LSS,LEOMINSTER SINGLE STREAM,COMMINGLED & NEWSPAPER,RECYCLING,480358,Y30,E/R,44988.46736,3,2023,1.48,,March, 01 MORGAN H
WM of New England,WORCESTER POLYTECH 07 MORGAN HALL - 0018000001WxuWCAAZ,EAST DIVISION,188077933007,447-854847,WORCESTER POLYTECH 07 MORGAN H,INSTITUTE RD,WORCESTER,MA,01609-2247,WMI,ECP MILLBURY MSW,MSW,MSW,483065,20C,E/R,44994.46458,3,2023,1.12,,March, 07 MORGAN H
WM of New England,WORCESTER POLYTECH 10 CAMPUS CENTER SSRY - 0018000001VZNh3AAH,EAST DIVISION,181098653008,447-853772,WORCESTER POLYTECH 10 CAMPUS C,INSTITUTE RD,WORCESTER,MA,01609-2247,LSS,LEOMINSTER SINGLE STREAM,COMMINGLED & NEWSPAPER,RECYCLING,491661,Y35,E/R,45015.25278,3,2023,1.24,,March, 10 CAMPUS C
WM of New England,WORCESTER POLYTECH 10 CAMPUS CENTER - 0018000001VZNgzAAH,EAST DIVISION,81236882007,447-792129,WORCESTER POLYTECH 10 CAMPUS C,INSTITUTE RD,WORCESTER,MA,01609-2280,WMI,ECP MILLBURY MSW,MSW,MSW,480359,30C,E/R,44988.18333,3,2023,4.06,,March, 10 CAMPUS C
WM of New England,WORCESTER POLYTECH 10 CAMPUS CENTER SSRY - 0018000001VZNh3AAH,EAST DIVISION,181098653008,447-853772,WORCESTER POLYTECH 10 CAMPUS C,INSTITUTE RD,WORCESTER,MA,01609-2247,LSS,LEOMINSTER SINGLE STREAM,COMMINGLED & NEWSPAPER,RECYCLING,480360,Y35,E/R,44988.25556,3,2023,1.26,,March, 10 CAMPUS C
WM of New England,WORCESTER POLYTECH 01 MORGAN HALL - 0018000001VZNguAAH,EAST DIVISION,80805102004,447-56329,WORCESTER POLYTECH 01 MORGAN H,INSTITUTE RD,WORCESTER,MA,01609-2247,LSS,LEOMINSTER SINGLE STREAM,COMMINGLED & NEWSPAPER,RECYCLING,485843,Y30,E/R,45002.52236,3,2023,0.78,,March, 01 MORGAN H
WM of New England,WORCESTER POLYTECH 04 FOUNDERS - 0018000001VZNgtAAH,EAST DIVISION,80805112002,447-56337,WORCESTER POLYTECH 04 FOUNDERS,BOYNTON ST,WORCESTER,MA,01609-3114,WMI,ECP MILLBURY MSW,MSW,MSW,480330,20C,E/R,44988.36389,3,2023,1.72,,March, 04 FOUNDERS
WM of New England,WORCESTER POLYTECH 08 RECYCLE - 0018000001VZNhCAAX,EAST DIVISION,80840682009,447-195485,WORCESTER POLYTECH 08 RECYCLE,INSTITUTE RD,WORCESTER,MA,01609-2247,LSS,LEOMINSTER SINGLE STREAM,SINGLE STREAM RECYCLE,RECYCLING,492534,46C,E/R,45016.24792,3,2023,4.63,,March, 08 RECYCLE
WM of New England,WORCESTER POLYTECH 04 FOUNDERS - 0018000001VZNgtAAH,EAST DIVISION,80805112002,447-56337,WORCESTER POLYTECH 04 FOUNDERS,BOYNTON ST,WORCESTER,MA,01609-3114,WMI,ECP MILLBURY MSW,MSW,MSW,483036,20C,E/R,44994.41597,3,2023,0.73,,March, 04 FOUNDERS
WM of New England,WORCESTER POLYTECH 07 MORGAN HALL - 0018000001WxuWCAAZ,EAST DIVISION,188077933007,447-854847,WORCESTER POLYTECH 07 MORGAN H,INSTITUTE RD,WORCESTER,MA,01609-2247,WMI,ECP MILLBURY MSW,MSW,MSW,480361,20C,E/R,44988.42014,3,2023,3.25,,March, 07 MORGAN H
WM of New England,WORCESTER POLYTECH 10 CAMPUS CENTER - 0018000001VZNgzAAH,EAST DIVISION,81236882007,447-792129,WORCESTER POLYTECH 10 CAMPUS C,INSTITUTE RD,WORCESTER,MA,01609-2280,WMI,ECP MILLBURY MSW,MSW,MSW,491660,30C,E/R,45015.19514,3,2023,4.58,,March, 10 CAMPUS C
WM of New England,WORCESTER POLYTECH 10 CAMPUS CENTER - 0018000001VZNgzAAH,EAST DIVISION,81236882007,447-792129,WORCESTER POLYTECH 10 CAMPUS C,INSTITUTE RD,WORCESTER,MA,01609-2280,LTT,LEOMINSTER TRANSFER (MSW),MSW,MSW,485844,30C,E/R,45002.24583,3,2023,3.14,,March, 10 CAMPUS C
WM of New England,WORCESTER POLYTECH 04 FOUNDERS - 0018000001VZNgtAAH,EAST DIVISION,80805112002,447-56337,WORCESTER POLYTECH 04 FOUNDERS,BOYNTON ST,WORCESTER,MA,01609-3114,WMI,ECP MILLBURY MSW,MSW,MSW,491632,20C,E/R,45015.4125,3,2023,1.59,,March, 04 FOUNDERS
WM of New England,WORCESTER POLYTECH 10 CAMPUS CENTER SSRY - 0018000001VZNh3AAH,EAST DIVISION,181098653008,447-853772,WORCESTER POLYTECH 10 CAMPUS C,INSTITUTE RD,WORCESTER,MA,01609-2247,LSS,LEOMINSTER SINGLE STREAM,COMMINGLED & NEWSPAPER,RECYCLING,488678,Y35,E/R,45008.26806,3,2023,0.96,,March, 10 CAMPUS C
WM of New England,WORCESTER POLYTECH 07 MORGAN HALL - 0018000001WxuWCAAZ,EAST DIVISION,188077933007,447-854847,WORCESTER POLYTECH 07 MORGAN H,INSTITUTE RD,WORCESTER,MA,01609-2247,WMI,ECP MILLBURY MSW,MSW,MSW,491662,20C,E/R,45015.48125,3,2023,2.68,,March, 07 MORGAN H
WM of New England,WORCESTER POLYTECH 09 - 0018000001Vf9IpAAJ,EAST DIVISION,148114312007,447-832265,WORCESTER POLYTECH 09 EAST HAL,BOYNTON ST,WORCESTER,MA,01609-3114,WMI,ECP MILLBURY MSW,MSW,MSW,478853,20C,E/R,44986.17222,3,2023,1.53,,March, 09 EAST HAL
WM of New England,WORCESTER POLYTECH 10 CAMPUS CENTER SSRY - 0018000001VZNh3AAH,EAST DIVISION,181098653008,447-853772,WORCESTER POLYTECH 10 CAMPUS C,INSTITUTE RD,WORCESTER,MA,01609-2247,CLC,R WHITNEY CLINTON CORRUGATED,COMMINGLED & NEWSPAPER,RECYCLING,485845,Y35,E/R,45002.35139,3,2023,1.08,,March, 10 CAMPUS C
WM of New England,WORCESTER POLYTECH 08 RECYCLE - 0018000001VZNhCAAX,EAST DIVISION,80840682009,447-195485,WORCESTER POLYTECH 08 RECYCLE,INSTITUTE RD,WORCESTER,MA,01609-2247,LSS,LEOMINSTER SINGLE STREAM,SINGLE STREAM RECYCLE,RECYCLING,478854,46C,E/R,44986.25,3,2023,5.46,,March, 08 RECYCLE
WM of New England,WORCESTER POLYTECH 10 CAMPUS CENTER SSRY - 0018000001VZNh3AAH,EAST DIVISION,181098653008,447-853772,WORCESTER POLYTECH 10 CAMPUS C,INSTITUTE RD,WORCESTER,MA,01609-2247,LSS,LEOMINSTER SINGLE STREAM,COMMINGLED & NEWSPAPER,RECYCLING,494801,Y35,E/R,45022.27014,4,2023,1.35,,April, 10 CAMPUS C
WM of New England,WORCESTER POLYTECH 02 DANIELS - 0018000001VZNh8AAH,EAST DIVISION,80805092006,447-56302,WORCESTER POLYTECH 02 DANIELS,INSTITUTE RD,WORCESTER,MA,01609-2247,WMI,ECP MILLBURY MSW,MSW,MSW,500622,30C,E/R,45036.50208,4,2023,9.05,,April, 02 DANIELS
WM of New England,WORCESTER POLYTECH 09 - 0018000001Vf9IpAAJ,EAST DIVISION,148114312007,447-832265,WORCESTER POLYTECH 09 EAST HAL,BOYNTON ST,WORCESTER,MA,01609-3114,WMI,ECP MILLBURY MSW,MSW,MSW,494384,20C,E/R,45021.46875,4,2023,2.42,,April, 09 EAST HAL
WM of New England,WORCESTER POLYTECH 02 DANIELS - 0018000001VZNh8AAH,EAST DIVISION,80805092006,447-56302,WORCESTER POLYTECH 02 DANIELS,INSTITUTE RD,WORCESTER,MA,01609-2247,WMI,ECP MILLBURY MSW,MSW,MSW,502148,30C,E/R,45042.44722,4,2023,0.96,,April, 02 DANIELS
WM of New England,WORCESTER POLYTECH 04 FOUNDERS - 0018000001VZNgtAAH,EAST DIVISION,80805112002,447-56337,WORCESTER POLYTECH 04 FOUNDERS,BOYNTON ST,WORCESTER,MA,01609-3114,WMI,ECP MILLBURY MSW,MSW,MSW,494772,20C,E/R,45022.40903,4,2023,1.57,,April, 04 FOUNDERS
WM of New England,WORCESTER POLYTECH 07 MORGAN HALL - 0018000001WxuWCAAZ,EAST DIVISION,188077933007,447-854847,WORCESTER POLYTECH 07 MORGAN H,INSTITUTE RD,WORCESTER,MA,01609-2247,WMI,ECP MILLBURY MSW,MSW,MSW,504304,20C,E/R,45043.52292,4,2023,3.18,,April, 07 MORGAN H
WM of New England,WORCESTER POLYTECH 01 MORGAN HALL - 0018000001VZNguAAH,EAST DIVISION,80805102004,447-56329,WORCESTER POLYTECH 01 MORGAN H,INSTITUTE RD,WORCESTER,MA,01609-2247,LSS,LEOMINSTER SINGLE STREAM,COMMINGLED & NEWSPAPER,RECYCLING,497893,Y30,E/R,45029.5375,4,2023,1.42,,April, 01 MORGAN H
WM of New England,WORCESTER POLYTECH 07 MORGAN HALL - 0018000001WxuWCAAZ,EAST DIVISION,188077933007,447-854847,WORCESTER POLYTECH 07 MORGAN H,INSTITUTE RD,WORCESTER,MA,01609-2247,WMI,ECP MILLBURY MSW,MSW,MSW,494802,20C,E/R,45022.47222,4,2023,2.74,,April, 07 MORGAN H
WM of New England,WORCESTER POLYTECH 04 FOUNDERS - 0018000001VZNgtAAH,EAST DIVISION,80805112002,447-56337,WORCESTER POLYTECH 04 FOUNDERS,BOYNTON ST,WORCESTER,MA,01609-3114,WMI,ECP MILLBURY MSW,MSW,MSW,504273,20C,E/R,45043.43125,4,2023,1.64,,April, 04 FOUNDERS
WM of New England,WORCESTER POLYTECH 07 MORGAN HALL - 0018000001WxuWCAAZ,EAST DIVISION,188077933007,447-854847,WORCESTER POLYTECH 07 MORGAN H,INSTITUTE RD,WORCESTER,MA,01609-2247,WMI,ECP MILLBURY MSW,MSW,MSW,497896,20C,E/R,45029.47292,4,2023,2.78,,April, 07 MORGAN H
WM of New England,WORCESTER POLYTECH 06 SALISBURY - 0018000001VZNhBAAX,EAST DIVISION,80805122000,447-56418,WORCESTER POLYTECH 06 SALISBUR,INSTITUTE RD SALISBURY,WORCESTER,MA,01609-2280,WMI,ECP MILLBURY MSW,MSW,MSW,497897,30C,E/R,45029.33507,4,2023,3.05,,April, 06 SALISBUR
WM of New England,WORCESTER POLYTECH 04 FOUNDERS - 0018000001VZNgtAAH,EAST DIVISION,80805112002,447-56337,WORCESTER POLYTECH 04 FOUNDERS,BOYNTON ST,WORCESTER,MA,01609-3114,WMI,ECP MILLBURY MSW,MSW,MSW,501045,20C,E/R,45036.38681,4,2023,1.54,,April, 04 FOUNDERS
WM of New England,WORCESTER POLYTECH 06 SALISBURY - 0018000001VZNhBAAX,EAST DIVISION,80805122000,447-56418,WORCESTER POLYTECH 06 SALISBUR,INSTITUTE RD SALISBURY,WORCESTER,MA,01609-2280,WMI,ECP MILLBURY MSW,MSW,MSW,504305,30C,E/R,45043.38958,4,2023,3.1,,April, 06 SALISBUR
WM of New England,WORCESTER POLYTECH 06 SALISBURY - 0018000001VZNhBAAX,EAST DIVISION,80805122000,447-56418,WORCESTER POLYTECH 06 SALISBUR,INSTITUTE RD SALISBURY,WORCESTER,MA,01609-2280,WMI,ECP MILLBURY MSW,MSW,MSW,494803,30C,E/R,45022.34236,4,2023,3.15,,April, 06 SALISBUR
WM of New England,WORCESTER POLYTECH 01 MORGAN HALL - 0018000001VZNguAAH,EAST DIVISION,80805102004,447-56329,WORCESTER POLYTECH 01 MORGAN H,INSTITUTE RD,WORCESTER,MA,01609-2247,LSS,LEOMINSTER SINGLE STREAM,COMMINGLED & NEWSPAPER,RECYCLING,504301,Y30,E/R,45043.59514,4,2023,1.38,,April, 01 MORGAN H
WM of New England,WORCESTER POLYTECH 10 CAMPUS CENTER - 0018000001VZNgzAAH,EAST DIVISION,81236882007,447-792129,WORCESTER POLYTECH 10 CAMPUS C,INSTITUTE RD,WORCESTER,MA,01609-2280,WMI,ECP MILLBURY MSW,MSW,MSW,504302,30C,E/R,45043.21806,4,2023,4.5,,April, 10 CAMPUS C
WM of New England,WORCESTER POLYTECH 07 MORGAN HALL - 0018000001WxuWCAAZ,EAST DIVISION,188077933007,447-854847,WORCESTER POLYTECH 07 MORGAN H,INSTITUTE RD,WORCESTER,MA,01609-2247,WMI,ECP MILLBURY MSW,MSW,MSW,501080,20C,E/R,45036.45833,4,2023,2.54,,April, 07 MORGAN H
WM of New England,WORCESTER POLYTECH 06 SALISBURY - 0018000001VZNhBAAX,EAST DIVISION,80805122000,447-56418,WORCESTER POLYTECH 06 SALISBUR,INSTITUTE RD SALISBURY,WORCESTER,MA,01609-2280,WMI,ECP MILLBURY MSW,MSW,MSW,501081,30C,E/R,45036.34583,4,2023,3.0,,April, 06 SALISBUR
WM of New England,WORCESTER POLYTECH 04 FOUNDERS - 0018000001VZNgtAAH,EAST DIVISION,80805112002,447-56337,WORCESTER POLYTECH 04 FOUNDERS,BOYNTON ST,WORCESTER,MA,01609-3114,WMI,ECP MILLBURY MSW,MSW,MSW,497865,20C,E/R,45029.40347,4,2023,1.38,,April, 04 FOUNDERS
WM of New England,WORCESTER POLYTECH 10 CAMPUS CENTER - 0018000001VZNgzAAH,EAST DIVISION,81236882007,447-792129,WORCESTER POLYTECH 10 CAMPUS C,INSTITUTE RD,WORCESTER,MA,01609-2280,WMI,ECP MILLBURY MSW,MSW,MSW,501078,30C,E/R,45036.19514,4,2023,4.0,,April, 10 CAMPUS C
WM of New England,WORCESTER POLYTECH 10 CAMPUS CENTER SSRY - 0018000001VZNh3AAH,EAST DIVISION,181098653008,447-853772,WORCESTER POLYTECH 10 CAMPUS C,INSTITUTE RD,WORCESTER,MA,01609-2247,LSS,LEOMINSTER SINGLE STREAM,COMMINGLED & NEWSPAPER,RECYCLING,501079,Y35,E/R,45036.27569,4,2023,1.18,,April, 10 CAMPUS C
WM of New England,WORCESTER POLYTECH 09 - 0018000001Vf9IpAAJ,EAST DIVISION,148114312007,447-832265,WORCESTER POLYTECH 09 EAST HAL,BOYNTON ST,WORCESTER,MA,01609-3114,WMI,ECP MILLBURY MSW,MSW,MSW,502156,20C,E/R,45042.37986,4,2023,1.35,,April, 09 EAST HAL
WM of New England,WORCESTER POLYTECH 10 CAMPUS CENTER - 0018000001VZNgzAAH,EAST DIVISION,81236882007,447-792129,WORCESTER POLYTECH 10 CAMPUS C,INSTITUTE RD,WORCESTER,MA,01609-2280,WMI,ECP MILLBURY MSW,MSW,MSW,497894,30C,E/R,45029.19583,4,2023,3.21,,April, 10 CAMPUS C
WM of New England,WORCESTER POLYTECH 10 CAMPUS CENTER SSRY - 0018000001VZNh3AAH,EAST DIVISION,181098653008,447-853772,WORCESTER POLYTECH 10 CAMPUS C,INSTITUTE RD,WORCESTER,MA,01609-2247,LSS,LEOMINSTER SINGLE STREAM,COMMINGLED & NEWSPAPER,RECYCLING,497895,Y35,E/R,45029.27153,4,2023,1.3,,April, 10 CAMPUS C
WM of New England,WORCESTER POLYTECH 10 CAMPUS CENTER SSRY - 0018000001VZNh3AAH,EAST DIVISION,181098653008,447-853772,WORCESTER POLYTECH 10 CAMPUS C,INSTITUTE RD,WORCESTER,MA,01609-2247,LSS,LEOMINSTER SINGLE STREAM,COMMINGLED & NEWSPAPER,RECYCLING,504303,Y35,E/R,45043.29514,4,2023,1.49,,April, 10 CAMPUS C
WM of New England,WORCESTER POLYTECH 10 CAMPUS CENTER - 0018000001VZNgzAAH,EAST DIVISION,81236882007,447-792129,WORCESTER POLYTECH 10 CAMPUS C,INSTITUTE RD,WORCESTER,MA,01609-2280,WMI,ECP MILLBURY MSW,MSW,MSW,494800,30C,E/R,45022.19514,4,2023,4.11,,April, 10 CAMPUS C
WM of New England,WORCESTER POLYTECH 03 FARADAY HALL - 0018000001Vf9IrAAJ,EAST DIVISION,127928563002,447-845245,WORCESTER POLYTECH 03 FARADAY,FARADAY ST,WORCESTER,MA,01605-2602,WMI,ECP MILLBURY MSW,MSW,MSW,502157,35C,E/R,45042.59931,4,2023,2.51,,April, 03 FARADAY
WM of New England,WORCESTER POLYTECH 08 RECYCLE - 0018000001VZNhCAAX,EAST DIVISION,80840682009,447-195485,WORCESTER POLYTECH 08 RECYCLE,INSTITUTE RD,WORCESTER,MA,01609-2247,LSS,LEOMINSTER SINGLE STREAM,SINGLE STREAM RECYCLE,RECYCLING,502152,46C,E/R,45042.50486,4,2023,3.93,,April, 08 RECYCLE
WM of New England,WORCESTER POLYTECH 03 FARADAY HALL - 0018000001Vf9IrAAJ,EAST DIVISION,127928563002,447-845245,WORCESTER POLYTECH 03 FARADAY,FARADAY ST,WORCESTER,MA,01605-2602,WMI,ECP MILLBURY MSW,MSW,MSW,493683,35C,E/R,45020.20694,4,2023,7.3,,April, 03 FARADAY
WM of New England,WORCESTER POLYTECH 06 SALISBURY - 0018000001VZNhBAAX,EAST DIVISION,80805122000,447-56418,WORCESTER POLYTECH 06 SALISBUR,INSTITUTE RD SALISBURY,WORCESTER,MA,01609-2280,WMI,ECP MILLBURY MSW,MSW,MSW,507595,30C,E/R,45050.36042,5,2023,2.31,,May, 06 SALISBUR
WM of New England,WORCESTER POLYTECH 07 MORGAN HALL - 0018000001WxuWCAAZ,EAST DIVISION,188077933007,447-854847,WORCESTER POLYTECH 07 MORGAN H,INSTITUTE RD,WORCESTER,MA,01609-2247,LTT,LEOMINSTER TRANSFER (MSW),MSW,MSW,514453,20C,E/R,45064.52639,5,2023,0.68,,May, 07 MORGAN H
WM of New England,WORCESTER POLYTECH 01 MORGAN HALL - 0018000001VZNguAAH,EAST DIVISION,80805102004,447-56329,WORCESTER POLYTECH 01 MORGAN H,INSTITUTE RD,WORCESTER,MA,01609-2247,LSS,LEOMINSTER SINGLE STREAM,COMMINGLED & NEWSPAPER,RECYCLING,518183,Y30,E/R,45076.28681,5,2023,0.04,,May, 01 MORGAN H
WM of New England,WORCESTER POLYTECH 10 CAMPUS CENTER - 0018000001VZNgzAAH,EAST DIVISION,81236882007,447-792129,WORCESTER POLYTECH 10 CAMPUS C,INSTITUTE RD,WORCESTER,MA,01609-2280,LTT,LEOMINSTER TRANSFER (MSW),MSW,MSW,518184,30C,E/R,45071.27222,5,2023,1.73,,May, 10 CAMPUS C
WM of New England,WORCESTER POLYTECH 06 SALISBURY - 0018000001VZNhBAAX,EAST DIVISION,80805122000,447-56418,WORCESTER POLYTECH 06 SALISBUR,INSTITUTE RD SALISBURY,WORCESTER,MA,01609-2280,WMI,ECP MILLBURY MSW,MSW,MSW,514454,30C,E/R,45064.3625,5,2023,1.26,,May, 06 SALISBUR
WM of New England,WORCESTER POLYTECH 07 MORGAN HALL - 0018000001WxuWCAAZ,EAST DIVISION,188077933007,447-854847,WORCESTER POLYTECH 07 MORGAN H,INSTITUTE RD,WORCESTER,MA,01609-2247,LTT,LEOMINSTER TRANSFER (MSW),MSW,MSW,510911,20C,E/R,45057.51875,5,2023,6.65,,May, 07 MORGAN H
WM of New England,WORCESTER POLYTECH 10 CAMPUS CENTER - 0018000001VZNgzAAH,EAST DIVISION,81236882007,447-792129,WORCESTER POLYTECH 10 CAMPUS C,INSTITUTE RD,WORCESTER,MA,01609-2280,WMI,ECP MILLBURY MSW,MSW,MSW,507592,30C,E/R,45050.19653,5,2023,4.51,,May, 10 CAMPUS C
WM of New England,WORCESTER POLYTECH 07 MORGAN HALL - 0018000001WxuWCAAZ,EAST DIVISION,188077933007,447-854847,WORCESTER POLYTECH 07 MORGAN H,INSTITUTE RD,WORCESTER,MA,01609-2247,,UNDEFINED,UNDEFINED,MSW,507594,TRF,TRP,45050.49444,5,2023,0.0,,May, 07 MORGAN H
WM of New England,WORCESTER POLYTECH 04 FOUNDERS - 0018000001VZNgtAAH,EAST DIVISION,80805112002,447-56337,WORCESTER POLYTECH 04 FOUNDERS,BOYNTON ST,WORCESTER,MA,01609-3114,LTT,LEOMINSTER TRANSFER (MSW),MSW,MSW,518154,20C,E/R,45071.45486,5,2023,0.27,,May, 04 FOUNDERS
WM of New England,WORCESTER POLYTECH 06 SALISBURY - 0018000001VZNhBAAX,EAST DIVISION,80805122000,447-56418,WORCESTER POLYTECH 06 SALISBUR,INSTITUTE RD SALISBURY,WORCESTER,MA,01609-2280,WMI,ECP MILLBURY MSW,MSW,MSW,510912,30C,E/R,45057.35069,5,2023,2.73,,May, 06 SALISBUR
WM of New England,WORCESTER POLYTECH 10 CAMPUS CENTER - 0018000001VZNgzAAH,EAST DIVISION,81236882007,447-792129,WORCESTER POLYTECH 10 CAMPUS C,INSTITUTE RD,WORCESTER,MA,01609-2280,WMI,ECP MILLBURY MSW,MSW,MSW,514451,30C,E/R,45064.20278,5,2023,2.21,,May, 10 CAMPUS C
WM of New England,WORCESTER POLYTECH 04 FOUNDERS - 0018000001VZNgtAAH,EAST DIVISION,80805112002,447-56337,WORCESTER POLYTECH 04 FOUNDERS,BOYNTON ST,WORCESTER,MA,01609-3114,LTT,LEOMINSTER TRANSFER (MSW),MSW,MSW,510877,20C,E/R,45057.43958,5,2023,2.29,,May, 04 FOUNDERS
WM of New England,WORCESTER POLYTECH 01 MORGAN HALL - 0018000001VZNguAAH,EAST DIVISION,80805102004,447-56329,WORCESTER POLYTECH 01 MORGAN H,INSTITUTE RD,WORCESTER,MA,01609-2247,LSS,LEOMINSTER SINGLE STREAM,COMMINGLED & NEWSPAPER,RECYCLING,510908,Y30,E/R,45057.56806,5,2023,0.91,,May, 01 MORGAN H
WM of New England,WORCESTER POLYTECH 10 CAMPUS CENTER SSRY - 0018000001VZNh3AAH,EAST DIVISION,181098653008,447-853772,WORCESTER POLYTECH 10 CAMPUS C,INSTITUTE RD,WORCESTER,MA,01609-2247,LSS,LEOMINSTER SINGLE STREAM,COMMINGLED & NEWSPAPER,RECYCLING,514452,Y35,E/R,45064.30069,5,2023,0.5,,May, 10 CAMPUS C
WM of New England,WORCESTER POLYTECH 10 CAMPUS CENTER SSRY - 0018000001VZNh3AAH,EAST DIVISION,181098653008,447-853772,WORCESTER POLYTECH 10 CAMPUS C,INSTITUTE RD,WORCESTER,MA,01609-2247,LSS,LEOMINSTER SINGLE STREAM,COMMINGLED & NEWSPAPER,RECYCLING,518185,Y35,E/R,45071.40069,5,2023,0.68,,May, 10 CAMPUS C
WM of New England,WORCESTER POLYTECH 07 MORGAN HALL - 0018000001WxuWCAAZ,EAST DIVISION,188077933007,447-854847,WORCESTER POLYTECH 07 MORGAN H,INSTITUTE RD,WORCESTER,MA,01609-2247,WMI,ECP MILLBURY MSW,MSW,MSW,520556,20C,E/R,45077.2,5,2023,0.63,,May, 07 MORGAN H
WM of New England,WORCESTER POLYTECH 10 CAMPUS CENTER SSRY - 0018000001VZNh3AAH,EAST DIVISION,181098653008,447-853772,WORCESTER POLYTECH 10 CAMPUS C,INSTITUTE RD,WORCESTER,MA,01609-2247,LSS,LEOMINSTER SINGLE STREAM,COMMINGLED & NEWSPAPER,RECYCLING,510910,Y35,E/R,45057.28333,5,2023,0.66,,May, 10 CAMPUS C
WM of New England,WORCESTER POLYTECH 04 FOUNDERS - 0018000001VZNgtAAH,EAST DIVISION,80805112002,447-56337,WORCESTER POLYTECH 04 FOUNDERS,BOYNTON ST,WORCESTER,MA,01609-3114,WMI,ECP MILLBURY MSW,MSW,MSW,507564,20C,E/R,45050.42014,5,2023,2.06,,May, 04 FOUNDERS
WM of New England,WORCESTER POLYTECH 10 CAMPUS CENTER SSRY - 0018000001VZNh3AAH,EAST DIVISION,181098653008,447-853772,WORCESTER POLYTECH 10 CAMPUS C,INSTITUTE RD,WORCESTER,MA,01609-2247,LSS,LEOMINSTER SINGLE STREAM,COMMINGLED & NEWSPAPER,RECYCLING,507593,Y35,E/R,45050.29583,5,2023,1.36,,May, 10 CAMPUS C
WM of New England,WORCESTER POLYTECH 10 CAMPUS CENTER - 0018000001VZNgzAAH,EAST DIVISION,81236882007,447-792129,WORCESTER POLYTECH 10 CAMPUS C,INSTITUTE RD,WORCESTER,MA,01609-2280,WMI,ECP MILLBURY MSW,MSW,MSW,510909,30C,E/R,45057.19306,5,2023,2.73,,May, 10 CAMPUS C
WM of New England,WORCESTER POLYTECH 06 SALISBURY - 0018000001VZNhBAAX,EAST DIVISION,80805122000,447-56418,WORCESTER POLYTECH 06 SALISBUR,INSTITUTE RD SALISBURY,WORCESTER,MA,01609-2280,LTT,LEOMINSTER TRANSFER (MSW),MSW,MSW,518187,30C,E/R,45071.29306,5,2023,1.79,,May, 06 SALISBUR
WM of New England,WORCESTER POLYTECH 07 MORGAN HALL - 0018000001WxuWCAAZ,EAST DIVISION,188077933007,447-854847,WORCESTER POLYTECH 07 MORGAN H,INSTITUTE RD,WORCESTER,MA,01609-2247,,UNDEFINED,UNDEFINED,MSW,518186,TRF,TRP,45076.26806,5,2023,0.0,,May, 07 MORGAN H
WM of New England,WORCESTER POLYTECH 04 FOUNDERS - 0018000001VZNgtAAH,EAST DIVISION,80805112002,447-56337,WORCESTER POLYTECH 04 FOUNDERS,BOYNTON ST,WORCESTER,MA,01609-3114,WMI,ECP MILLBURY MSW,MSW,MSW,514418,20C,E/R,45064.43542,5,2023,0.15,,May, 04 FOUNDERS
WM of New England,WORCESTER POLYTECH 10 CAMPUS CENTER SSRY - 0018000001VZNh3AAH,EAST DIVISION,181098653008,447-853772,WORCESTER POLYTECH 10 CAMPUS C,INSTITUTE RD,WORCESTER,MA,01609-2247,LSS,LEOMINSTER SINGLE STREAM,COMMINGLED & NEWSPAPER,RECYCLING,528259,Y35,E/R,45092.26528,6,2023,0.58,,June, 10 CAMPUS C
WM of New England,WORCESTER POLYTECH 10 CAMPUS CENTER - 0018000001VZNgzAAH,EAST DIVISION,81236882007,447-792129,WORCESTER POLYTECH 10 CAMPUS C,INSTITUTE RD,WORCESTER,MA,01609-2280,WMI,ECP MILLBURY MSW,MSW,MSW,528258,30C,E/R,45092.19653,6,2023,1.63,,June, 10 CAMPUS C
WM of New England,WORCESTER POLYTECH 01 MORGAN HALL - 0018000001VZNguAAH,EAST DIVISION,80805102004,447-56329,WORCESTER POLYTECH 01 MORGAN H,INSTITUTE RD,WORCESTER,MA,01609-2247,LSS,LEOMINSTER SINGLE STREAM,COMMINGLED & NEWSPAPER,RECYCLING,533242,Y30,DNR,45107.27083,6,2023,0.2,,June, 01 MORGAN H
WM of New England,WORCESTER POLYTECH 06 SALISBURY - 0018000001VZNhBAAX,EAST DIVISION,80805122000,447-56418,WORCESTER POLYTECH 06 SALISBUR,INSTITUTE RD SALISBURY,WORCESTER,MA,01609-2280,WMI,ECP MILLBURY MSW,MSW,MSW,521297,30C,E/R,45079.62778,6,2023,1.47,,June, 06 SALISBUR
WM of New England,WORCESTER POLYTECH 10 CAMPUS CENTER - 0018000001VZNgzAAH,EAST DIVISION,81236882007,447-792129,WORCESTER POLYTECH 10 CAMPUS C,INSTITUTE RD,WORCESTER,MA,01609-2280,,UNDEFINED,MSW,MSW,521294,TRP,TRP,45079.6125,6,2023,0.0,,June, 10 CAMPUS C
WM of New England,WORCESTER POLYTECH 10 CAMPUS CENTER SSRY - 0018000001VZNh3AAH,EAST DIVISION,181098653008,447-853772,WORCESTER POLYTECH 10 CAMPUS C,INSTITUTE RD,WORCESTER,MA,01609-2247,LSS,LEOMINSTER SINGLE STREAM,COMMINGLED & NEWSPAPER,RECYCLING,531450,Y35,E/R,45099.27431,6,2023,0.47,,June, 10 CAMPUS C
WM of New England,WORCESTER POLYTECH 01 MORGAN HALL - 0018000001VZNguAAH,EAST DIVISION,80805102004,447-56329,WORCESTER POLYTECH 01 MORGAN H,INSTITUTE RD,WORCESTER,MA,01609-2247,LSS,LEOMINSTER SINGLE STREAM,COMMINGLED & NEWSPAPER,RECYCLING,531448,Y30,E/R,45099.40556,6,2023,0.3,,June, 01 MORGAN H
WM of New England,WORCESTER POLYTECH 02 DANIELS - 0018000001VZNh8AAH,EAST DIVISION,80805092006,447-56302,WORCESTER POLYTECH 02 DANIELS,INSTITUTE RD,WORCESTER,MA,01609-2247,LTT,LEOMINSTER TRANSFER (MSW),MSW,MSW,535792,30C,DNR,45107.26875,6,2023,5.33,,June, 02 DANIELS
WM of New England,WORCESTER POLYTECH 09 - 0018000001Vf9IpAAJ,EAST DIVISION,148114312007,447-832265,WORCESTER POLYTECH 09 EAST HAL,BOYNTON ST,WORCESTER,MA,01609-3114,WMI,ECP MILLBURY MSW,MSW,MSW,533273,20C,DNR,45106.4625,6,2023,1.39,,June, 09 EAST HAL
WM of New England,WORCESTER POLYTECH 07 MORGAN HALL - 0018000001WxuWCAAZ,EAST DIVISION,188077933007,447-854847,WORCESTER POLYTECH 07 MORGAN H,INSTITUTE RD,WORCESTER,MA,01609-2247,WMI,ECP MILLBURY MSW,MSW,MSW,523186,20C,E/R,45089.24653,6,2023,1.07,,June, 07 MORGAN H
WM of New England,WORCESTER POLYTECH 04 FOUNDERS - 0018000001VZNgtAAH,EAST DIVISION,80805112002,447-56337,WORCESTER POLYTECH 04 FOUNDERS,BOYNTON ST,WORCESTER,MA,01609-3114,,UNDEFINED,UNDEFINED,MSW,528224,TRF,TRP,45092.40417,6,2023,0.0,,June, 04 FOUNDERS
WM of New England,WORCESTER POLYTECH 04 FOUNDERS - 0018000001VZNgtAAH,EAST DIVISION,80805112002,447-56337,WORCESTER POLYTECH 04 FOUNDERS,BOYNTON ST,WORCESTER,MA,01609-3114,LTT,LEOMINSTER TRANSFER (MSW),MSW,MSW,533249,20C,DNR,45106.56736,6,2023,0.94,,June, 04 FOUNDERS
WM of New England,WORCESTER POLYTECH 02 DANIELS - 0018000001VZNh8AAH,EAST DIVISION,80805092006,447-56302,WORCESTER POLYTECH 02 DANIELS,INSTITUTE RD,WORCESTER,MA,01609-2247,,UNDEFINED,UNDEFINED,MSW,533245,TRF,TRP,45106.23958,6,2023,0.0,,June, 02 DANIELS
WM of New England,WORCESTER POLYTECH 06 SALISBURY - 0018000001VZNhBAAX,EAST DIVISION,80805122000,447-56418,WORCESTER POLYTECH 06 SALISBUR,INSTITUTE RD SALISBURY,WORCESTER,MA,01609-2280,WMI,ECP MILLBURY MSW,MSW,MSW,528260,30C,E/R,45092.33681,6,2023,1.81,,June, 06 SALISBUR
WM of New England,WORCESTER POLYTECH 07 MORGAN HALL - 0018000001WxuWCAAZ,EAST DIVISION,188077933007,447-854847,WORCESTER POLYTECH 07 MORGAN H,INSTITUTE RD,WORCESTER,MA,01609-2247,,UNDEFINED,MSW,MSW,521296,TRP,TRP,45079.62153,6,2023,0.0,,June, 07 MORGAN H
WM of New England,WORCESTER POLYTECH 10 CAMPUS CENTER - 0018000001VZNgzAAH,EAST DIVISION,81236882007,447-792129,WORCESTER POLYTECH 10 CAMPUS C,INSTITUTE RD,WORCESTER,MA,01609-2280,WMI,ECP MILLBURY MSW,MSW,MSW,533270,30C,DNR,45106.20556,6,2023,1.49,,June, 10 CAMPUS C
WM of New England,WORCESTER POLYTECH 10 CAMPUS CENTER SSRY - 0018000001VZNh3AAH,EAST DIVISION,181098653008,447-853772,WORCESTER POLYTECH 10 CAMPUS C,INSTITUTE RD,WORCESTER,MA,01609-2247,,UNDEFINED,COMMINGLED & NEWSPAPER,RECYCLING,521295,TRP,TRP,45079.61944,6,2023,0.0,,June, 10 CAMPUS C
WM of New England,WORCESTER POLYTECH 10 CAMPUS CENTER - 0018000001VZNgzAAH,EAST DIVISION,81236882007,447-792129,WORCESTER POLYTECH 10 CAMPUS C,INSTITUTE RD,WORCESTER,MA,01609-2280,WMI,ECP MILLBURY MSW,MSW,MSW,524883,30C,E/R,45085.2375,6,2023,2.81,,June, 10 CAMPUS C
WM of New England,WORCESTER POLYTECH 12 RECYCLE - 0018000001VZNh9AAH,EAST DIVISION,141217982004,447-827458,WORCESTER POLYTECH 12 RECYCLE,PRESCOTT ST,WORCESTER,MA,01605-2661,LSS,LEOMINSTER SINGLE STREAM,COMINGLED,RECYCLING,525229,42Y,E/R,45089.33125,6,2023,3.44,,June, 12 RECYCLE
WM of New England,WORCESTER POLYTECH 01 MORGAN HALL - 0018000001VZNguAAH,EAST DIVISION,80805102004,447-56329,WORCESTER POLYTECH 01 MORGAN H,INSTITUTE RD,WORCESTER,MA,01609-2247,,UNDEFINED,COMMINGLED & NEWSPAPER,RECYCLING,524882,TRP,TRP,45085.42847,6,2023,0.0,,June, 01 MORGAN H
WM of New England,WORCESTER POLYTECH 06 SALISBURY - 0018000001VZNhBAAX,EAST DIVISION,80805122000,447-56418,WORCESTER POLYTECH 06 SALISBUR,INSTITUTE RD SALISBURY,WORCESTER,MA,01609-2280,WMI,ECP MILLBURY MSW,MSW,MSW,531451,30C,E/R,45099.35139,6,2023,1.53,,June, 06 SALISBUR
WM of New England,WORCESTER POLYTECH 04 FOUNDERS - 0018000001VZNgtAAH,EAST DIVISION,80805112002,447-56337,WORCESTER POLYTECH 04 FOUNDERS,BOYNTON ST,WORCESTER,MA,01609-3114,WMI,ECP MILLBURY MSW,MSW,MSW,521266,20C,E/R,45079.47986,6,2023,0.29,,June, 04 FOUNDERS
WM of New England,WORCESTER POLYTECH 10 CAMPUS CENTER - 0018000001VZNgzAAH,EAST DIVISION,81236882007,447-792129,WORCESTER POLYTECH 10 CAMPUS C,INSTITUTE RD,WORCESTER,MA,01609-2280,WMI,ECP MILLBURY MSW,MSW,MSW,531449,30C,E/R,45099.20417,6,2023,1.56,,June, 10 CAMPUS C
WM of New England,WORCESTER POLYTECH 08 RECYCLE - 0018000001VZNhCAAX,EAST DIVISION,80840682009,447-195485,WORCESTER POLYTECH 08 RECYCLE,INSTITUTE RD,WORCESTER,MA,01609-2247,LSS,LEOMINSTER SINGLE STREAM,SINGLE STREAM RECYCLE,RECYCLING,520874,46C,E/R,45084.46111,6,2023,4.43,,June, 08 RECYCLE
WM of New England,WORCESTER POLYTECH 07 MORGAN HALL - 0018000001WxuWCAAZ,EAST DIVISION,188077933007,447-854847,WORCESTER POLYTECH 07 MORGAN H,INSTITUTE RD,WORCESTER,MA,01609-2247,LTT,LEOMINSTER TRANSFER (MSW),MSW,MSW,533238,20C,DNR,45106.61667,6,2023,1.77,,June, 07 MORGAN H
WM of New England,WORCESTER POLYTECH 10 CAMPUS CENTER - 0018000001VZNgzAAH,EAST DIVISION,81236882007,447-792129,WORCESTER POLYTECH 10 CAMPUS C,INSTITUTE RD,WORCESTER,MA,01609-2280,LTT,LEOMINSTER TRANSFER (MSW),MSW,MSW,523189,30C,E/R,45086.52431,6,2023,0.5,,June, 10 CAMPUS C
WM of New England,WORCESTER POLYTECH 10 CAMPUS CENTER SSRY - 0018000001VZNh3AAH,EAST DIVISION,181098653008,447-853772,WORCESTER POLYTECH 10 CAMPUS C,INSTITUTE RD,WORCESTER,MA,01609-2247,BSS,BFI SS/PROCESSED COMM/INDUSTRI,COMMINGLED & NEWSPAPER,RECYCLING,533269,Y35,DNR,45106.26111,6,2023,0.5,,June, 10 CAMPUS C
WM of New England,WORCESTER POLYTECH 03 FARADAY HALL - 0018000001Vf9IrAAJ,EAST DIVISION,127928563002,447-845245,WORCESTER POLYTECH 03 FARADAY,FARADAY ST,WORCESTER,MA,01605-2602,LTT,LEOMINSTER TRANSFER (MSW),MSW,MSW,533247,35C,DNR,45107.25278,6,2023,6.79,,June, 03 FARADAY
WM of New England,WORCESTER POLYTECH 10 CAMPUS CENTER SSRY - 0018000001VZNh3AAH,EAST DIVISION,181098653008,447-853772,WORCESTER POLYTECH 10 CAMPUS C,INSTITUTE RD,WORCESTER,MA,01609-2247,LSS,LEOMINSTER SINGLE STREAM,COMMINGLED & NEWSPAPER,RECYCLING,524884,Y35,E/R,45085.30694,6,2023,1.05,,June, 10 CAMPUS C
WM of New England,WORCESTER POLYTECH 12 RECYCLE - 0018000001VZNh9AAH,EAST DIVISION,141217982004,447-827458,WORCESTER POLYTECH 12 RECYCLE,PRESCOTT ST,WORCESTER,MA,01605-2661,LSS,LEOMINSTER SINGLE STREAM,COMINGLED,RECYCLING,533274,42Y,DNR,45106.53958,6,2023,0.52,,June, 12 RECYCLE
WM of New England,WORCESTER POLYTECH 09 - 0018000001Vf9IpAAJ,EAST DIVISION,148114312007,447-832265,WORCESTER POLYTECH 09 EAST HAL,BOYNTON ST,WORCESTER,MA,01609-3114,WMI,ECP MILLBURY MSW,MSW,MSW,523726,20C,E/R,45083.57292,6,2023,1.88,,June, 09 EAST HAL
WM of New England,WORCESTER POLYTECH 08 RECYCLE - 0018000001VZNhCAAX,EAST DIVISION,80840682009,447-195485,WORCESTER POLYTECH 08 RECYCLE,INSTITUTE RD,WORCESTER,MA,01609-2247,BSS,BFI SS/PROCESSED COMM/INDUSTRI,SINGLE STREAM RECYCLE,RECYCLING,533267,46C,DNR,45106.39375,6,2023,1.78,,June, 08 RECYCLE
WM of New England,WORCESTER POLYTECH 04 FOUNDERS - 0018000001VZNgtAAH,EAST DIVISION,80805112002,447-56337,WORCESTER POLYTECH 04 FOUNDERS,BOYNTON ST,WORCESTER,MA,01609-3114,,UNDEFINED,UNDEFINED,MSW,531418,TRP,TRP,45099.40069,6,2023,0.0,,June, 04 FOUNDERS
WM of New England,WORCESTER POLYTECH 06 SALISBURY - 0018000001VZNhBAAX,EAST DIVISION,80805122000,447-56418,WORCESTER POLYTECH 06 SALISBUR,INSTITUTE RD SALISBURY,WORCESTER,MA,01609-2280,WMI,ECP MILLBURY MSW,MSW,MSW,533398,30C,DNR,45106.34028,6,2023,1.79,,June, 06 SALISBUR
WM of New England,WORCESTER POLYTECH 04 FOUNDERS - 0018000001VZNgtAAH,EAST DIVISION,80805112002,447-56337,WORCESTER POLYTECH 04 FOUNDERS,BOYNTON ST,WORCESTER,MA,01609-3114,,UNDEFINED,UNDEFINED,MSW,524851,TRF,TRP,45085.42014,6,2023,0.0,,June, 04 FOUNDERS
WM of New England,WORCESTER POLYTECH 06 SALISBURY - 0018000001VZNhBAAX,EAST DIVISION,80805122000,447-56418,WORCESTER POLYTECH 06 SALISBUR,INSTITUTE RD SALISBURY,WORCESTER,MA,01609-2280,LTT,LEOMINSTER TRANSFER (MSW),MSW,MSW,524885,30C,E/R,45085.36528,6,2023,2.08,,June, 06 SALISBUR
